instance_id,metric_name,namespace,average,maximum,minimum,sample_count,sum,unit,timestamp,partition,region,account_id,_ctx
i-0e318bfd5d116d34b,CPUUtilization,AWS/EC2,51.69182488962,52.7966101701229,50.9836065582931,60,3101.5094933772,Percent,2023-12-01T10:35:00+05:30,aws,ap-south-1,895261382174,"{""connection_name"":""aws_demo""}"
i-0e318bfd5d116d34b,CPUUtilization,AWS/EC2,51.75134952610783,52.8333333336438,50.9836065567663,60,3105.08097156647,Percent,2023-12-01T23:35:00+05:30,aws,ap-south-1,895261382174,"{""connection_name"":""aws_demo""}"
i-0e318bfd5d116d34b,CPUUtilization,AWS/EC2,51.61608664442247,52.7966101685444,50.9836065567663,60,3096.965198665348,Percent,2023-12-11T20:35:00+05:30,aws,ap-south-1,895261382174,"{""connection_name"":""aws_demo""}"
i-0e318bfd5d116d34b,CPUUtilization,AWS/EC2,51.6476254978276,52.8333333336438,50.1639344271456,60,3098.857529869656,Percent,2023-11-29T18:35:00+05:30,aws,ap-south-1,895261382174,"{""connection_name"":""aws_demo""}"
i-0e318bfd5d116d34b,CPUUtilization,AWS/EC2,51.68984903213606,52.8333333320916,50.1639344256188,60,3101.3909419281636,Percent,2023-12-09T15:35:00+05:30,aws,ap-south-1,895261382174,"{""connection_name"":""aws_demo""}"
i-0e318bfd5d116d34b,CPUUtilization,AWS/EC2,51.6324040628655,52.8333333336438,50.1639344271456,60,3097.94424377193,Percent,2023-12-02T12:35:00+05:30,aws,ap-south-1,895261382174,"{""connection_name"":""aws_demo""}"
i-0e318bfd5d116d34b,CPUUtilization,AWS/EC2,51.632122468551785,52.7966101701229,50.9836065567663,60,3097.927348113107,Percent,2023-12-05T06:35:00+05:30,aws,ap-south-1,895261382174,"{""connection_name"":""aws_demo""}"
i-0e318bfd5d116d34b,CPUUtilization,AWS/EC2,51.69047034669548,52.8333333336438,50.1639344256188,60,3101.4282208017285,Percent,2023-12-08T13:35:00+05:30,aws,ap-south-1,895261382174,"{""connection_name"":""aws_demo""}"
i-0e318bfd5d116d34b,CPUUtilization,AWS/EC2,61.560713238189905,100,50.9322033895148,60,3693.6427942913942,Percent,2023-12-11T07:35:00+05:30,aws,ap-south-1,895261382174,"{""connection_name"":""aws_demo""}"
i-0e318bfd5d116d34b,CPUUtilization,AWS/EC2,51.630379966676536,52.7966101701229,50.9836065567663,60,3097.8227980005922,Percent,2023-12-09T02:35:00+05:30,aws,ap-south-1,895261382174,"{""connection_name"":""aws_demo""}"
i-0e318bfd5d116d34b,CPUUtilization,AWS/EC2,51.677505325547784,52.8333333320916,50.9322033910933,60,3100.650319532867,Percent,2023-12-03T01:35:00+05:30,aws,ap-south-1,895261382174,"{""connection_name"":""aws_demo""}"
i-0e318bfd5d116d34b,CPUUtilization,AWS/EC2,85.64061776416796,100,50.9999999993791,60,5138.4370658500775,Percent,2023-12-05T19:35:00+05:30,aws,ap-south-1,895261382174,"{""connection_name"":""aws_demo""}"
i-0e318bfd5d116d34b,CPUUtilization,AWS/EC2,51.67670147571511,52.7966101701229,50.9322033895148,60,3100.6020885429066,Percent,2023-12-06T08:35:00+05:30,aws,ap-south-1,895261382174,"{""connection_name"":""aws_demo""}"
i-0e318bfd5d116d34b,CPUUtilization,AWS/EC2,52.84674832513962,89.5000000003104,50.1639344256188,60,3170.8048995083773,Percent,2023-12-03T00:35:00+05:30,aws,ap-south-1,895261382174,"{""connection_name"":""aws_demo""}"
i-0e318bfd5d116d34b,CPUUtilization,AWS/EC2,51.69076947992074,52.7966101701229,50.1639344256188,60,3101.4461687952444,Percent,2023-12-08T00:35:00+05:30,aws,ap-south-1,895261382174,"{""connection_name"":""aws_demo""}"
i-0e318bfd5d116d34b,CPUUtilization,AWS/EC2,51.57129912630102,52.8333333336438,46.5000000006209,60,3094.2779475780612,Percent,2023-11-29T05:35:00+05:30,aws,ap-south-1,895261382174,"{""connection_name"":""aws_demo""}"
i-0e318bfd5d116d34b,CPUUtilization,AWS/EC2,61.11734394498228,100,50.9322033895148,60,3667.040636698937,Percent,2023-12-04T17:35:00+05:30,aws,ap-south-1,895261382174,"{""connection_name"":""aws_demo""}"
i-0e318bfd5d116d34b,CPUUtilization,AWS/EC2,51.662587987405274,52.7966101685444,50.1639344271456,60,3099.7552792443166,Percent,2023-12-01T08:35:00+05:30,aws,ap-south-1,895261382174,"{""connection_name"":""aws_demo""}"
i-0e318bfd5d116d34b,CPUUtilization,AWS/EC2,51.64553579696578,52.7966101685444,50.9322033895148,60,3098.732147817947,Percent,2023-12-03T13:35:00+05:30,aws,ap-south-1,895261382174,"{""connection_name"":""aws_demo""}"
i-0e318bfd5d116d34b,CPUUtilization,AWS/EC2,51.6752655058539,52.7966101701229,50.9836065567663,60,3100.515930351234,Percent,2023-12-01T09:35:00+05:30,aws,ap-south-1,895261382174,"{""connection_name"":""aws_demo""}"
i-0e318bfd5d116d34b,CPUUtilization,AWS/EC2,51.91458429809688,67.9999999996896,50.9836065567663,60,3114.8750578858126,Percent,2023-11-30T07:35:00+05:30,aws,ap-south-1,895261382174,"{""connection_name"":""aws_demo""}"
i-0e318bfd5d116d34b,CPUUtilization,AWS/EC2,99.53794804109684,100,98.4166666663562,60,5972.276882465811,Percent,2023-12-04T15:35:00+05:30,aws,ap-south-1,895261382174,"{""connection_name"":""aws_demo""}"
i-0e318bfd5d116d34b,CPUUtilization,AWS/EC2,51.7066198944094,52.8333333336438,50.1639344256188,60,3102.397193664564,Percent,2023-11-30T05:35:00+05:30,aws,ap-south-1,895261382174,"{""connection_name"":""aws_demo""}"
i-0e318bfd5d116d34b,CPUUtilization,AWS/EC2,51.63136596586593,52.8333333336438,50.9836065567663,60,3097.881957951956,Percent,2023-12-11T06:35:00+05:30,aws,ap-south-1,895261382174,"{""connection_name"":""aws_demo""}"
i-0e318bfd5d116d34b,CPUUtilization,AWS/EC2,51.644758960832,52.7966101701229,50.9322033895148,60,3098.68553764992,Percent,2023-12-07T09:35:00+05:30,aws,ap-south-1,895261382174,"{""connection_name"":""aws_demo""}"
i-0e318bfd5d116d34b,CPUUtilization,AWS/EC2,51.691020653906556,52.8333333336438,50.9322033895148,60,3101.4612392343934,Percent,2023-12-07T22:35:00+05:30,aws,ap-south-1,895261382174,"{""connection_name"":""aws_demo""}"
i-0e318bfd5d116d34b,CPUUtilization,AWS/EC2,51.64640216418726,52.8333333320916,50.9322033910933,60,3098.7841298512353,Percent,2023-12-03T14:35:00+05:30,aws,ap-south-1,895261382174,"{""connection_name"":""aws_demo""}"
i-0e318bfd5d116d34b,CPUUtilization,AWS/EC2,99.52338342441168,100,97.7049180321762,60,5971.403005464701,Percent,2023-12-04T16:35:00+05:30,aws,ap-south-1,895261382174,"{""connection_name"":""aws_demo""}"
i-0e318bfd5d116d34b,CPUUtilization,AWS/EC2,51.64505302397105,52.8333333336438,50.9322033895148,60,3098.703181438263,Percent,2023-12-06T06:35:00+05:30,aws,ap-south-1,895261382174,"{""connection_name"":""aws_demo""}"
i-0e318bfd5d116d34b,CPUUtilization,AWS/EC2,71.51922023096361,100,50.9836065567663,60,4291.153213857817,Percent,2023-12-13T10:35:00+05:30,aws,ap-south-1,895261382174,"{""connection_name"":""aws_demo""}"
i-0e318bfd5d116d34b,CPUUtilization,AWS/EC2,51.67506135963527,52.7966101701229,50.9322033895148,60,3100.5036815781164,Percent,2023-11-29T03:35:00+05:30,aws,ap-south-1,895261382174,"{""connection_name"":""aws_demo""}"
i-0e318bfd5d116d34b,CPUUtilization,AWS/EC2,51.66177371800635,52.8333333336438,50.9836065567663,60,3099.7064230803812,Percent,2023-12-11T04:35:00+05:30,aws,ap-south-1,895261382174,"{""connection_name"":""aws_demo""}"
i-0e318bfd5d116d34b,CPUUtilization,AWS/EC2,57.927713330885155,100,50.9322033895148,60,3475.6627998531094,Percent,2023-12-08T11:35:00+05:30,aws,ap-south-1,895261382174,"{""connection_name"":""aws_demo""}"
i-0e318bfd5d116d34b,CPUUtilization,AWS/EC2,51.661068661051694,52.7966101701229,50.9836065582931,60,3099.6641196631017,Percent,2023-12-06T07:35:00+05:30,aws,ap-south-1,895261382174,"{""connection_name"":""aws_demo""}"
i-0e318bfd5d116d34b,CPUUtilization,AWS/EC2,51.70568830847421,52.8333333336438,50.9836065582931,60,3102.3412985084524,Percent,2023-12-09T00:35:00+05:30,aws,ap-south-1,895261382174,"{""connection_name"":""aws_demo""}"
i-0e318bfd5d116d34b,CPUUtilization,AWS/EC2,51.70562733476874,52.8333333336438,50.9322033895148,60,3102.3376400861243,Percent,2023-11-30T20:35:00+05:30,aws,ap-south-1,895261382174,"{""connection_name"":""aws_demo""}"
i-0e318bfd5d116d34b,CPUUtilization,AWS/EC2,51.75245477138694,52.8333333336438,50.9836065567663,60,3105.147286283216,Percent,2023-12-12T22:35:00+05:30,aws,ap-south-1,895261382174,"{""connection_name"":""aws_demo""}"
i-0e318bfd5d116d34b,CPUUtilization,AWS/EC2,51.63137175448581,52.8333333336438,50.1639344256188,60,3097.8823052691487,Percent,2023-11-29T04:35:00+05:30,aws,ap-south-1,895261382174,"{""connection_name"":""aws_demo""}"
i-0e318bfd5d116d34b,CPUUtilization,AWS/EC2,51.690951961958085,52.7966101701229,50.9836065567663,60,3101.4571177174853,Percent,2023-12-09T13:35:00+05:30,aws,ap-south-1,895261382174,"{""connection_name"":""aws_demo""}"
i-0e318bfd5d116d34b,CPUUtilization,AWS/EC2,51.73525940848819,52.7966101701229,50.9322033910933,60,3104.1155645092913,Percent,2023-12-05T04:35:00+05:30,aws,ap-south-1,895261382174,"{""connection_name"":""aws_demo""}"
i-0e318bfd5d116d34b,CPUUtilization,AWS/EC2,54.949987264986355,100,50.9836065567663,60,3296.9992358991813,Percent,2023-12-02T23:35:00+05:30,aws,ap-south-1,895261382174,"{""connection_name"":""aws_demo""}"
i-0e318bfd5d116d34b,CPUUtilization,AWS/EC2,69.25947099505579,100,50.9836065567663,60,4155.568259703347,Percent,2023-12-10T17:35:00+05:30,aws,ap-south-1,895261382174,"{""connection_name"":""aws_demo""}"
i-0e318bfd5d116d34b,CPUUtilization,AWS/EC2,51.64799587151412,52.7966101701229,50.1639344256188,60,3098.879752290847,Percent,2023-12-06T21:35:00+05:30,aws,ap-south-1,895261382174,"{""connection_name"":""aws_demo""}"
i-0e318bfd5d116d34b,CPUUtilization,AWS/EC2,51.72141528509496,52.8333333320916,50.9322033895148,60,3103.284917105698,Percent,2023-11-30T18:35:00+05:30,aws,ap-south-1,895261382174,"{""connection_name"":""aws_demo""}"
i-0e318bfd5d116d34b,CPUUtilization,AWS/EC2,53.56517126670919,100,50.1639344256188,60,3213.9102760025517,Percent,2023-12-02T11:35:00+05:30,aws,ap-south-1,895261382174,"{""connection_name"":""aws_demo""}"
i-0e318bfd5d116d34b,CPUUtilization,AWS/EC2,51.70484278039843,52.8333333320916,50.9836065582931,60,3102.290566823906,Percent,2023-12-09T14:35:00+05:30,aws,ap-south-1,895261382174,"{""connection_name"":""aws_demo""}"
i-0e318bfd5d116d34b,CPUUtilization,AWS/EC2,93.24474584000092,100,50.9836065567663,60,5594.684750400055,Percent,2023-12-12T09:35:00+05:30,aws,ap-south-1,895261382174,"{""connection_name"":""aws_demo""}"
i-0e318bfd5d116d34b,CPUUtilization,AWS/EC2,51.61680096322265,52.8333333336438,50.9836065567663,60,3097.008057793359,Percent,2023-12-12T20:35:00+05:30,aws,ap-south-1,895261382174,"{""connection_name"":""aws_demo""}"
i-0e318bfd5d116d34b,CPUUtilization,AWS/EC2,53.00260064524155,93.0833333342646,50.9836065567663,60,3180.156038714493,Percent,2023-11-30T19:35:00+05:30,aws,ap-south-1,895261382174,"{""connection_name"":""aws_demo""}"
i-0e318bfd5d116d34b,CPUUtilization,AWS/EC2,51.69168789171252,52.8333333336438,50.9322033895148,60,3101.5012735027512,Percent,2023-12-11T18:35:00+05:30,aws,ap-south-1,895261382174,"{""connection_name"":""aws_demo""}"
i-0e318bfd5d116d34b,CPUUtilization,AWS/EC2,51.839308758589915,52.8333333336438,50.9322033895148,60,3110.358525515395,Percent,2023-12-10T04:35:00+05:30,aws,ap-south-1,895261382174,"{""connection_name"":""aws_demo""}"
i-0e318bfd5d116d34b,CPUUtilization,AWS/EC2,51.645906270264916,52.7500000006209,50.9999999993791,60,3098.754376215895,Percent,2023-12-01T21:35:00+05:30,aws,ap-south-1,895261382174,"{""connection_name"":""aws_demo""}"
i-0e318bfd5d116d34b,CPUUtilization,AWS/EC2,51.79404464202475,52.8333333336438,50.9322033895148,60,3107.642678521485,Percent,2023-12-04T03:35:00+05:30,aws,ap-south-1,895261382174,"{""connection_name"":""aws_demo""}"
i-0e318bfd5d116d34b,CPUUtilization,AWS/EC2,51.70473614484053,52.8333333336438,50.9322033895148,60,3102.2841686904317,Percent,2023-12-05T05:35:00+05:30,aws,ap-south-1,895261382174,"{""connection_name"":""aws_demo""}"
i-0e318bfd5d116d34b,CPUUtilization,AWS/EC2,65.34803379023666,100,50.1639344256188,60,3920.882027414199,Percent,2023-12-12T07:35:00+05:30,aws,ap-south-1,895261382174,"{""connection_name"":""aws_demo""}"
i-0e318bfd5d116d34b,CPUUtilization,AWS/EC2,60.63317819765174,98.3050847457627,50.1639344256188,60,3637.990691859104,Percent,2023-12-05T18:35:00+05:30,aws,ap-south-1,895261382174,"{""connection_name"":""aws_demo""}"
i-0e318bfd5d116d34b,CPUUtilization,AWS/EC2,51.69113719859702,52.7966101701229,50.9322033895148,60,3101.468231915821,Percent,2023-12-07T23:35:00+05:30,aws,ap-south-1,895261382174,"{""connection_name"":""aws_demo""}"
i-0e318bfd5d116d34b,CPUUtilization,AWS/EC2,51.676278518723834,52.8333333320916,50.9322033895148,60,3100.57671112343,Percent,2023-12-01T22:35:00+05:30,aws,ap-south-1,895261382174,"{""connection_name"":""aws_demo""}"
i-0e318bfd5d116d34b,CPUUtilization,AWS/EC2,67.17216780902558,100,50.9999999993791,60,4030.330068541535,Percent,2023-12-08T12:35:00+05:30,aws,ap-south-1,895261382174,"{""connection_name"":""aws_demo""}"
i-0e318bfd5d116d34b,CPUUtilization,AWS/EC2,91.63125250839147,100,50.9999999993791,60,5497.875150503488,Percent,2023-12-12T08:35:00+05:30,aws,ap-south-1,895261382174,"{""connection_name"":""aws_demo""}"
i-0e318bfd5d116d34b,CPUUtilization,AWS/EC2,51.63115757461752,52.7966101701229,50.9322033895148,60,3097.869454477051,Percent,2023-12-07T10:35:00+05:30,aws,ap-south-1,895261382174,"{""connection_name"":""aws_demo""}"
i-0e318bfd5d116d34b,CPUUtilization,AWS/EC2,52.61630661294495,98.4166666663562,50.9836065567663,60,3156.978396776697,Percent,2023-12-11T19:35:00+05:30,aws,ap-south-1,895261382174,"{""connection_name"":""aws_demo""}"
i-0e318bfd5d116d34b,CPUUtilization,AWS/EC2,65.50657312896527,100,50.9836065567663,60,3930.394387737916,Percent,2023-11-29T17:35:00+05:30,aws,ap-south-1,895261382174,"{""connection_name"":""aws_demo""}"
i-0e318bfd5d116d34b,CPUUtilization,AWS/EC2,53.791912877044666,100,50.9322033895148,60,3227.51477262268,Percent,2023-12-03T12:35:00+05:30,aws,ap-south-1,895261382174,"{""connection_name"":""aws_demo""}"
i-0e318bfd5d116d34b,CPUUtilization,AWS/EC2,51.6313536167559,52.7966101685444,50.9836065567663,60,3097.8812170053543,Percent,2023-12-04T02:35:00+05:30,aws,ap-south-1,895261382174,"{""connection_name"":""aws_demo""}"
i-0e318bfd5d116d34b,CPUUtilization,AWS/EC2,64.44548601460815,100,50.9322033895148,60,3866.729160876489,Percent,2023-12-11T05:35:00+05:30,aws,ap-south-1,895261382174,"{""connection_name"":""aws_demo""}"
i-0e318bfd5d116d34b,CPUUtilization,AWS/EC2,51.63260820907989,52.8333333336438,50.245901639955,60,3097.9564925447935,Percent,2023-12-12T21:35:00+05:30,aws,ap-south-1,895261382174,"{""connection_name"":""aws_demo""}"
i-0e318bfd5d116d34b,CPUUtilization,AWS/EC2,51.63184100263388,52.7966101701229,50.1639344256188,60,3097.9104601580325,Percent,2023-12-06T20:35:00+05:30,aws,ap-south-1,895261382174,"{""connection_name"":""aws_demo""}"
i-0e318bfd5d116d34b,CPUUtilization,AWS/EC2,51.631477107847665,52.786885246207,50.9322033910933,60,3097.88862647086,Percent,2023-12-09T01:35:00+05:30,aws,ap-south-1,895261382174,"{""connection_name"":""aws_demo""}"
i-0e318bfd5d116d34b,CPUUtilization,AWS/EC2,55.12658801828056,100,50.9322033895148,60,3307.5952810968333,Percent,2023-12-13T09:35:00+05:30,aws,ap-south-1,895261382174,"{""connection_name"":""aws_demo""}"
i-0e318bfd5d116d34b,CPUUtilization,AWS/EC2,51.63145549690642,52.7966101701229,50.9836065582931,60,3097.8873298143853,Percent,2023-12-10T16:35:00+05:30,aws,ap-south-1,895261382174,"{""connection_name"":""aws_demo""}"
i-0e318bfd5d116d34b,CPUUtilization,AWS/EC2,51.66320930196729,52.8333333336438,50.1639344271456,60,3099.7925581180375,Percent,2023-11-30T06:35:00+05:30,aws,ap-south-1,895261382174,"{""connection_name"":""aws_demo""}"
i-0e318bfd5d116d34b,CPUUtilization,AWS/EC2,51.61355855020771,52.7966101701229,50.9322033895148,60,3096.813513012463,Percent,2023-12-07T21:35:00+05:30,aws,ap-south-1,895261382174,"{""connection_name"":""aws_demo""}"
i-0e318bfd5d116d34b,CPUUtilization,AWS/EC2,54.60696952857731,99.5081967200901,50.1639344256188,60,3276.4181717146384,Percent,2023-12-10T02:35:00+05:30,aws,ap-south-1,895261382174,"{""connection_name"":""aws_demo""}"
i-0e318bfd5d116d34b,CPUUtilization,AWS/EC2,52.08059954925715,55.5084745762712,50.9322033895148,60,3124.835972955429,Percent,2023-12-11T11:35:00+05:30,aws,ap-south-1,895261382174,"{""connection_name"":""aws_demo""}"
i-0e318bfd5d116d34b,CPUUtilization,AWS/EC2,51.6190245747372,52.7966101701229,50.1639344256188,60,3097.1414744842323,Percent,2023-12-10T03:35:00+05:30,aws,ap-south-1,895261382174,"{""connection_name"":""aws_demo""}"
i-0e318bfd5d116d34b,CPUUtilization,AWS/EC2,51.765712697974664,52.7966101701229,50.9836065567663,60,3105.94276187848,Percent,2023-12-05T15:35:00+05:30,aws,ap-south-1,895261382174,"{""connection_name"":""aws_demo""}"
i-0e318bfd5d116d34b,CPUUtilization,AWS/EC2,51.73695007873142,52.8333333336438,50.9322033910933,60,3104.217004723885,Percent,2023-12-05T10:35:00+05:30,aws,ap-south-1,895261382174,"{""connection_name"":""aws_demo""}"
i-0e318bfd5d116d34b,CPUUtilization,AWS/EC2,72.28917832111236,100,50.9836065567663,60,4337.350699266742,Percent,2023-12-07T02:35:00+05:30,aws,ap-south-1,895261382174,"{""connection_name"":""aws_demo""}"
i-0e318bfd5d116d34b,CPUUtilization,AWS/EC2,51.64792100503487,52.8333333336438,50.9322033895148,60,3098.875260302092,Percent,2023-12-03T06:35:00+05:30,aws,ap-south-1,895261382174,"{""connection_name"":""aws_demo""}"
i-0e318bfd5d116d34b,CPUUtilization,AWS/EC2,52.809316245246734,68.9166666660458,50.0833333330229,60,3168.558974714804,Percent,2023-12-04T01:35:00+05:30,aws,ap-south-1,895261382174,"{""connection_name"":""aws_demo""}"
i-0e318bfd5d116d34b,CPUUtilization,AWS/EC2,53.21084185262275,99.4262295072807,50.9836065567663,60,3192.650511157365,Percent,2023-12-03T19:35:00+05:30,aws,ap-south-1,895261382174,"{""connection_name"":""aws_demo""}"
i-0e318bfd5d116d34b,CPUUtilization,AWS/EC2,51.63125559568179,52.7966101701229,50.9836065567663,60,3097.8753357409078,Percent,2023-12-06T19:35:00+05:30,aws,ap-south-1,895261382174,"{""connection_name"":""aws_demo""}"
i-0e318bfd5d116d34b,CPUUtilization,AWS/EC2,64.55071547649409,100,50.9836065582931,60,3873.0429285896453,Percent,2023-12-04T21:35:00+05:30,aws,ap-south-1,895261382174,"{""connection_name"":""aws_demo""}"
i-0e318bfd5d116d34b,CPUUtilization,AWS/EC2,51.66272691488377,52.7966101701229,50.1639344256188,60,3099.763614893026,Percent,2023-12-02T10:35:00+05:30,aws,ap-south-1,895261382174,"{""connection_name"":""aws_demo""}"
i-0e318bfd5d116d34b,CPUUtilization,AWS/EC2,53.556201568349806,99.4262295088074,50.1639344256188,60,3213.3720941009883,Percent,2023-12-12T13:35:00+05:30,aws,ap-south-1,895261382174,"{""connection_name"":""aws_demo""}"
i-0e318bfd5d116d34b,CPUUtilization,AWS/EC2,54.30654579976565,100,50.9836065567663,60,3258.392747985939,Percent,2023-11-29T16:35:00+05:30,aws,ap-south-1,895261382174,"{""connection_name"":""aws_demo""}"
i-0e318bfd5d116d34b,CPUUtilization,AWS/EC2,51.631160661922685,52.8333333336438,50.1639344256188,60,3097.8696397153612,Percent,2023-11-30T12:35:00+05:30,aws,ap-south-1,895261382174,"{""connection_name"":""aws_demo""}"
i-0e318bfd5d116d34b,CPUUtilization,AWS/EC2,51.616193155519255,52.7966101685444,50.9836065582931,60,3096.9715893311554,Percent,2023-11-29T23:35:00+05:30,aws,ap-south-1,895261382174,"{""connection_name"":""aws_demo""}"
i-0e318bfd5d116d34b,CPUUtilization,AWS/EC2,51.662745438547134,52.8333333336438,50.9836065567663,60,3099.764726312828,Percent,2023-12-07T08:35:00+05:30,aws,ap-south-1,895261382174,"{""connection_name"":""aws_demo""}"
i-0e318bfd5d116d34b,CPUUtilization,AWS/EC2,52.569356457036726,82.7868852459016,50.9322033895148,60,3154.1613874222035,Percent,2023-12-08T14:35:00+05:30,aws,ap-south-1,895261382174,"{""connection_name"":""aws_demo""}"
i-0e318bfd5d116d34b,CPUUtilization,AWS/EC2,74.87673234841941,100,50.1639344256188,60,4492.603940905165,Percent,2023-12-08T04:35:00+05:30,aws,ap-south-1,895261382174,"{""connection_name"":""aws_demo""}"
i-0e318bfd5d116d34b,CPUUtilization,AWS/EC2,51.67637962705907,52.7966101701229,50.9836065567663,60,3100.582777623544,Percent,2023-12-01T07:35:00+05:30,aws,ap-south-1,895261382174,"{""connection_name"":""aws_demo""}"
i-0e318bfd5d116d34b,CPUUtilization,AWS/EC2,51.60206384491339,52.7966101701229,50.9836065582931,60,3096.1238306948035,Percent,2023-12-11T03:35:00+05:30,aws,ap-south-1,895261382174,"{""connection_name"":""aws_demo""}"
i-0e318bfd5d116d34b,CPUUtilization,AWS/EC2,74.84683283935965,100,50.1639344256188,60,4490.809970361579,Percent,2023-12-10T09:35:00+05:30,aws,ap-south-1,895261382174,"{""connection_name"":""aws_demo""}"
i-0e318bfd5d116d34b,CPUUtilization,AWS/EC2,99.52979029669295,100,97.7049180337029,60,5971.787417801577,Percent,2023-12-10T10:35:00+05:30,aws,ap-south-1,895261382174,"{""connection_name"":""aws_demo""}"
i-0e318bfd5d116d34b,CPUUtilization,AWS/EC2,52.247280880475465,67.9999999996896,50.9836065582931,60,3134.8368528285278,Percent,2023-12-02T16:35:00+05:30,aws,ap-south-1,895261382174,"{""connection_name"":""aws_demo""}"
i-0e318bfd5d116d34b,CPUUtilization,AWS/EC2,51.61784369113429,52.7966101701229,50.9836065567663,60,3097.070621468057,Percent,2023-12-10T15:35:00+05:30,aws,ap-south-1,895261382174,"{""connection_name"":""aws_demo""}"
i-0e318bfd5d116d34b,CPUUtilization,AWS/EC2,51.90077375573461,66.25,50.9322033895148,60,3114.046425344077,Percent,2023-12-04T08:35:00+05:30,aws,ap-south-1,895261382174,"{""connection_name"":""aws_demo""}"
i-0e318bfd5d116d34b,CPUUtilization,AWS/EC2,51.734214751000124,52.8688524590164,50.9322033895148,60,3104.0528850600076,Percent,2023-12-03T04:35:00+05:30,aws,ap-south-1,895261382174,"{""connection_name"":""aws_demo""}"
i-0e318bfd5d116d34b,CPUUtilization,AWS/EC2,62.95820675495814,100,50.9999999993791,60,3777.4924052974884,Percent,2023-12-05T17:35:00+05:30,aws,ap-south-1,895261382174,"{""connection_name"":""aws_demo""}"
i-0e318bfd5d116d34b,CPUUtilization,AWS/EC2,51.78112953185803,55.4166666666667,50.9836065567663,45,2330.150828933611,Percent,2023-12-13T11:35:00+05:30,aws,ap-south-1,895261382174,"{""connection_name"":""aws_demo""}"
i-0e318bfd5d116d34b,CPUUtilization,AWS/EC2,78.26883663677673,100,50.9836065567663,60,4696.130198206603,Percent,2023-12-05T23:35:00+05:30,aws,ap-south-1,895261382174,"{""connection_name"":""aws_demo""}"
i-0e318bfd5d116d34b,CPUUtilization,AWS/EC2,51.64735922015547,52.7966101701229,50.9999999993791,60,3098.841553209328,Percent,2023-12-02T19:35:00+05:30,aws,ap-south-1,895261382174,"{""connection_name"":""aws_demo""}"
i-0e318bfd5d116d34b,CPUUtilization,AWS/EC2,51.97383262325438,66.1666666669771,50.9322033895148,60,3118.429957395263,Percent,2023-12-01T14:35:00+05:30,aws,ap-south-1,895261382174,"{""connection_name"":""aws_demo""}"
i-0e318bfd5d116d34b,CPUUtilization,AWS/EC2,79.05499482881132,100,50.9999999993791,60,4743.299689728679,Percent,2023-12-04T14:35:00+05:30,aws,ap-south-1,895261382174,"{""connection_name"":""aws_demo""}"
i-0e318bfd5d116d34b,CPUUtilization,AWS/EC2,54.64843050539093,100,50.9322033910933,60,3278.9058303234556,Percent,2023-11-30T13:35:00+05:30,aws,ap-south-1,895261382174,"{""connection_name"":""aws_demo""}"
i-0e318bfd5d116d34b,CPUUtilization,AWS/EC2,51.67950935444642,52.7966101701229,50.1639344271456,60,3100.770561266785,Percent,2023-12-05T03:35:00+05:30,aws,ap-south-1,895261382174,"{""connection_name"":""aws_demo""}"
i-0e318bfd5d116d34b,CPUUtilization,AWS/EC2,51.69122788736983,52.7966101701229,50.9836065567663,60,3101.4736732421898,Percent,2023-12-07T15:35:00+05:30,aws,ap-south-1,895261382174,"{""connection_name"":""aws_demo""}"
i-0e318bfd5d116d34b,CPUUtilization,AWS/EC2,51.61573199347118,52.8333333336438,50.9836065567663,60,3096.943919608271,Percent,2023-12-12T19:35:00+05:30,aws,ap-south-1,895261382174,"{""connection_name"":""aws_demo""}"
i-0e318bfd5d116d34b,CPUUtilization,AWS/EC2,51.899874579351554,66.25,50.9322033895148,60,3113.992474761093,Percent,2023-12-03T05:35:00+05:30,aws,ap-south-1,895261382174,"{""connection_name"":""aws_demo""}"
i-0e318bfd5d116d34b,CPUUtilization,AWS/EC2,51.64733876694739,52.8333333320916,50.9836065567663,60,3098.8403260168434,Percent,2023-12-03T20:35:00+05:30,aws,ap-south-1,895261382174,"{""connection_name"":""aws_demo""}"
i-0e318bfd5d116d34b,CPUUtilization,AWS/EC2,51.66291986969347,52.7966101701229,50.9836065567663,60,3099.775192181608,Percent,2023-12-08T10:35:00+05:30,aws,ap-south-1,895261382174,"{""connection_name"":""aws_demo""}"
i-0e318bfd5d116d34b,CPUUtilization,AWS/EC2,51.64614244698412,52.8333333320916,50.9322033910933,60,3098.7685468190475,Percent,2023-12-13T02:35:00+05:30,aws,ap-south-1,895261382174,"{""connection_name"":""aws_demo""}"
i-0e318bfd5d116d34b,CPUUtilization,AWS/EC2,55.218855160372165,99.2500000012417,50.9322033895148,60,3313.13130962233,Percent,2023-12-03T18:35:00+05:30,aws,ap-south-1,895261382174,"{""connection_name"":""aws_demo""}"
i-0e318bfd5d116d34b,CPUUtilization,AWS/EC2,52.272593853231875,67.0833333333333,50.1639344256188,60,3136.3556311939124,Percent,2023-11-29T22:35:00+05:30,aws,ap-south-1,895261382174,"{""connection_name"":""aws_demo""}"
i-0e318bfd5d116d34b,CPUUtilization,AWS/EC2,51.66033311720322,52.8688524590164,50.1639344271456,60,3099.6199870321934,Percent,2023-12-12T00:35:00+05:30,aws,ap-south-1,895261382174,"{""connection_name"":""aws_demo""}"
i-0e318bfd5d116d34b,CPUUtilization,AWS/EC2,51.63346840172289,52.8333333336438,50.9322033895148,60,3098.008104103373,Percent,2023-12-06T05:35:00+05:30,aws,ap-south-1,895261382174,"{""connection_name"":""aws_demo""}"
i-0e318bfd5d116d34b,CPUUtilization,AWS/EC2,51.65984339786243,52.7966101685444,50.9836065567663,60,3099.5906038717458,Percent,2023-12-12T06:35:00+05:30,aws,ap-south-1,895261382174,"{""connection_name"":""aws_demo""}"
i-0e318bfd5d116d34b,CPUUtilization,AWS/EC2,51.662151976015345,52.7966101685444,50.9836065582931,60,3099.7291185609206,Percent,2023-12-07T03:35:00+05:30,aws,ap-south-1,895261382174,"{""connection_name"":""aws_demo""}"
i-0e318bfd5d116d34b,CPUUtilization,AWS/EC2,51.59926792936231,52.7966101701229,50.9322033895148,60,3095.9560757617387,Percent,2023-12-11T17:35:00+05:30,aws,ap-south-1,895261382174,"{""connection_name"":""aws_demo""}"
i-0e318bfd5d116d34b,CPUUtilization,AWS/EC2,51.63324464065356,52.7966101685444,50.9322033895148,60,3097.9946784392137,Percent,2023-12-12T01:35:00+05:30,aws,ap-south-1,895261382174,"{""connection_name"":""aws_demo""}"
i-0e318bfd5d116d34b,CPUUtilization,AWS/EC2,72.97474221233198,100,50.9836065567663,60,4378.484532739919,Percent,2023-12-10T01:35:00+05:30,aws,ap-south-1,895261382174,"{""connection_name"":""aws_demo""}"
i-0e318bfd5d116d34b,CPUUtilization,AWS/EC2,51.73654140039899,55.4166666666667,50.1639344256188,60,3104.1924840239394,Percent,2023-12-03T11:35:00+05:30,aws,ap-south-1,895261382174,"{""connection_name"":""aws_demo""}"
i-0e318bfd5d116d34b,CPUUtilization,AWS/EC2,99.59612971188935,100,98.4166666663562,60,5975.767782713361,Percent,2023-12-08T02:35:00+05:30,aws,ap-south-1,895261382174,"{""connection_name"":""aws_demo""}"
i-0e318bfd5d116d34b,CPUUtilization,AWS/EC2,53.63795575929973,99.2372881352775,50.9836065567663,60,3218.2773455579836,Percent,2023-12-07T20:35:00+05:30,aws,ap-south-1,895261382174,"{""connection_name"":""aws_demo""}"
i-0e318bfd5d116d34b,CPUUtilization,AWS/EC2,51.60138695933252,52.8333333336438,50.9322033895148,60,3096.083217559951,Percent,2023-12-08T18:35:00+05:30,aws,ap-south-1,895261382174,"{""connection_name"":""aws_demo""}"
i-0e318bfd5d116d34b,CPUUtilization,AWS/EC2,51.64570482539366,51.9672131150595,50.9322033895148,60,3098.7422895236195,Percent,2023-12-10T22:35:00+05:30,aws,ap-south-1,895261382174,"{""connection_name"":""aws_demo""}"
i-0e318bfd5d116d34b,CPUUtilization,AWS/EC2,53.05882228085478,100,50.1639344256188,60,3183.5293368512866,Percent,2023-12-08T23:35:00+05:30,aws,ap-south-1,895261382174,"{""connection_name"":""aws_demo""}"
i-0e318bfd5d116d34b,CPUUtilization,AWS/EC2,51.64555856565508,52.7966101685444,50.9322033895148,60,3098.733513939305,Percent,2023-12-01T02:35:00+05:30,aws,ap-south-1,895261382174,"{""connection_name"":""aws_demo""}"
i-0e318bfd5d116d34b,CPUUtilization,AWS/EC2,51.63052506870778,52.7966101701229,50.1639344256188,60,3097.831504122467,Percent,2023-12-13T04:35:00+05:30,aws,ap-south-1,895261382174,"{""connection_name"":""aws_demo""}"
i-0e318bfd5d116d34b,CPUUtilization,AWS/EC2,51.64576155413945,52.7966101685444,50.9836065582931,60,3098.745693248367,Percent,2023-11-29T09:35:00+05:30,aws,ap-south-1,895261382174,"{""connection_name"":""aws_demo""}"
i-0e318bfd5d116d34b,CPUUtilization,AWS/EC2,51.93253141303354,66.3559322040212,50.9322033910933,60,3115.9518847820123,Percent,2023-12-09T19:35:00+05:30,aws,ap-south-1,895261382174,"{""connection_name"":""aws_demo""}"
i-0e318bfd5d116d34b,CPUUtilization,AWS/EC2,51.64821323824362,52.7966101701229,50.9836065582931,60,3098.892794294617,Percent,2023-12-12T02:35:00+05:30,aws,ap-south-1,895261382174,"{""connection_name"":""aws_demo""}"
i-0e318bfd5d116d34b,CPUUtilization,AWS/EC2,51.64529344569306,52.7966101685444,50.9322033895148,60,3098.717606741584,Percent,2023-12-01T00:35:00+05:30,aws,ap-south-1,895261382174,"{""connection_name"":""aws_demo""}"
i-0e318bfd5d116d34b,CPUUtilization,AWS/EC2,51.61664852890606,52.8333333320916,50.1639344271456,60,3096.998911734364,Percent,2023-12-08T05:35:00+05:30,aws,ap-south-1,895261382174,"{""connection_name"":""aws_demo""}"
i-0e318bfd5d116d34b,CPUUtilization,AWS/EC2,51.64669082461616,52.7966101701229,50.9836065567663,60,3098.8014494769695,Percent,2023-11-28T21:35:00+05:30,aws,ap-south-1,895261382174,"{""connection_name"":""aws_demo""}"
i-0e318bfd5d116d34b,CPUUtilization,AWS/EC2,69.1776724243518,100,50.9322033895148,60,4150.660345461108,Percent,2023-12-10T11:35:00+05:30,aws,ap-south-1,895261382174,"{""connection_name"":""aws_demo""}"
i-0e318bfd5d116d34b,CPUUtilization,AWS/EC2,51.705582569252286,52.8333333336438,50.9322033895148,60,3102.334954155137,Percent,2023-12-10T21:35:00+05:30,aws,ap-south-1,895261382174,"{""connection_name"":""aws_demo""}"
i-0e318bfd5d116d34b,CPUUtilization,AWS/EC2,51.66157188726125,52.7966101701229,50.9836065567663,60,3099.694313235675,Percent,2023-12-02T02:35:00+05:30,aws,ap-south-1,895261382174,"{""connection_name"":""aws_demo""}"
i-0e318bfd5d116d34b,CPUUtilization,AWS/EC2,51.72067279492208,52.8333333336438,50.1639344256188,60,3103.240367695325,Percent,2023-12-10T23:35:00+05:30,aws,ap-south-1,895261382174,"{""connection_name"":""aws_demo""}"
i-0e318bfd5d116d34b,CPUUtilization,AWS/EC2,51.67588141767757,52.8333333336438,50.9322033910933,60,3100.5528850606543,Percent,2023-12-01T13:35:00+05:30,aws,ap-south-1,895261382174,"{""connection_name"":""aws_demo""}"
i-0e318bfd5d116d34b,CPUUtilization,AWS/EC2,52.92870087371604,90.4166666666667,50.9836065567663,60,3175.7220524229624,Percent,2023-11-29T08:35:00+05:30,aws,ap-south-1,895261382174,"{""connection_name"":""aws_demo""}"
i-0e318bfd5d116d34b,CPUUtilization,AWS/EC2,51.69074434256265,52.7966101701229,50.1639344271456,60,3101.444660553759,Percent,2023-12-07T14:35:00+05:30,aws,ap-south-1,895261382174,"{""connection_name"":""aws_demo""}"
i-0e318bfd5d116d34b,CPUUtilization,AWS/EC2,51.6607715106079,52.7966101701229,50.9836065567663,60,3099.646290636474,Percent,2023-12-11T12:35:00+05:30,aws,ap-south-1,895261382174,"{""connection_name"":""aws_demo""}"
i-0e318bfd5d116d34b,CPUUtilization,AWS/EC2,51.646102312375284,51.9672131150595,50.9322033895148,60,3098.766138742517,Percent,2023-12-08T16:35:00+05:30,aws,ap-south-1,895261382174,"{""connection_name"":""aws_demo""}"
i-0e318bfd5d116d34b,CPUUtilization,AWS/EC2,51.61813003610795,52.7966101701229,50.1639344256188,60,3097.087802166477,Percent,2023-12-02T04:35:00+05:30,aws,ap-south-1,895261382174,"{""connection_name"":""aws_demo""}"
i-0e318bfd5d116d34b,CPUUtilization,AWS/EC2,51.939199546181975,67.7049180324815,50.9999999993791,60,3116.3519727709186,Percent,2023-11-30T11:35:00+05:30,aws,ap-south-1,895261382174,"{""connection_name"":""aws_demo""}"
i-0e318bfd5d116d34b,CPUUtilization,AWS/EC2,51.72238237474501,53.6666666654249,50.9999999993791,60,3103.3429424847004,Percent,2023-12-08T06:35:00+05:30,aws,ap-south-1,895261382174,"{""connection_name"":""aws_demo""}"
i-0e318bfd5d116d34b,CPUUtilization,AWS/EC2,52.41338450497161,78.3606557373996,50.9322033895148,60,3144.8030702982965,Percent,2023-12-06T17:35:00+05:30,aws,ap-south-1,895261382174,"{""connection_name"":""aws_demo""}"
i-0e318bfd5d116d34b,CPUUtilization,AWS/EC2,51.69125451514369,52.7966101701229,50.1639344256188,60,3101.4752709086215,Percent,2023-11-28T22:35:00+05:30,aws,ap-south-1,895261382174,"{""connection_name"":""aws_demo""}"
i-0e318bfd5d116d34b,CPUUtilization,AWS/EC2,51.64664683091742,52.7499999990687,50.9836065582931,60,3098.798809855045,Percent,2023-12-08T17:35:00+05:30,aws,ap-south-1,895261382174,"{""connection_name"":""aws_demo""}"
i-0e318bfd5d116d34b,CPUUtilization,AWS/EC2,59.28855198974514,100,50.9836065567663,60,3557.3131193847084,Percent,2023-12-10T08:35:00+05:30,aws,ap-south-1,895261382174,"{""connection_name"":""aws_demo""}"
i-0e318bfd5d116d34b,CPUUtilization,AWS/EC2,56.724560834794175,100,50.9836065567663,60,3403.4736500876506,Percent,2023-12-12T14:35:00+05:30,aws,ap-south-1,895261382174,"{""connection_name"":""aws_demo""}"
i-0e318bfd5d116d34b,CPUUtilization,AWS/EC2,52.19867324256089,71.5833333336438,50.1639344256188,60,3131.9203945536538,Percent,2023-12-05T11:35:00+05:30,aws,ap-south-1,895261382174,"{""connection_name"":""aws_demo""}"
i-0e318bfd5d116d34b,CPUUtilization,AWS/EC2,51.663208916059084,52.8333333336438,50.9322033895148,60,3099.792534963545,Percent,2023-12-04T13:35:00+05:30,aws,ap-south-1,895261382174,"{""connection_name"":""aws_demo""}"
i-0e318bfd5d116d34b,CPUUtilization,AWS/EC2,51.63284129851592,52.8333333336438,50.9836065567663,60,3097.970477910955,Percent,2023-12-04T07:35:00+05:30,aws,ap-south-1,895261382174,"{""connection_name"":""aws_demo""}"
i-0e318bfd5d116d34b,CPUUtilization,AWS/EC2,99.56543715839878,100,97.7049180321762,60,5973.926229503927,Percent,2023-12-08T03:35:00+05:30,aws,ap-south-1,895261382174,"{""connection_name"":""aws_demo""}"
i-0e318bfd5d116d34b,CPUUtilization,AWS/EC2,52.09558982432278,66.25,50.9836065582931,60,3125.7353894593666,Percent,2023-12-10T20:35:00+05:30,aws,ap-south-1,895261382174,"{""connection_name"":""aws_demo""}"
i-0e318bfd5d116d34b,CPUUtilization,AWS/EC2,51.64529769070576,52.7966101701229,50.1639344256188,60,3098.7178614423456,Percent,2023-11-29T15:35:00+05:30,aws,ap-south-1,895261382174,"{""connection_name"":""aws_demo""}"
i-0e318bfd5d116d34b,CPUUtilization,AWS/EC2,51.87223032632694,62.666666667598,50.1639344271456,60,3112.3338195796164,Percent,2023-12-02T17:35:00+05:30,aws,ap-south-1,895261382174,"{""connection_name"":""aws_demo""}"
i-0e318bfd5d116d34b,CPUUtilization,AWS/EC2,52.19371160198802,68.916666667598,50.9322033895148,60,3131.622696119281,Percent,2023-12-04T06:35:00+05:30,aws,ap-south-1,895261382174,"{""connection_name"":""aws_demo""}"
i-0e318bfd5d116d34b,CPUUtilization,AWS/EC2,51.61502384923977,51.9672131135327,50.9836065567663,60,3096.9014309543863,Percent,2023-12-02T05:35:00+05:30,aws,ap-south-1,895261382174,"{""connection_name"":""aws_demo""}"
i-0e318bfd5d116d34b,CPUUtilization,AWS/EC2,71.33509230959768,100,50.9999999993791,60,4280.105538575861,Percent,2023-12-12T12:35:00+05:30,aws,ap-south-1,895261382174,"{""connection_name"":""aws_demo""}"
i-0e318bfd5d116d34b,CPUUtilization,AWS/EC2,51.73517026336035,52.7966101701229,50.1639344271456,60,3104.110215801621,Percent,2023-12-01T15:35:00+05:30,aws,ap-south-1,895261382174,"{""connection_name"":""aws_demo""}"
i-0e318bfd5d116d34b,CPUUtilization,AWS/EC2,51.733337964262866,52.8333333336438,50.9999999993791,60,3104.000277855772,Percent,2023-11-30T17:35:00+05:30,aws,ap-south-1,895261382174,"{""connection_name"":""aws_demo""}"
i-0e318bfd5d116d34b,CPUUtilization,AWS/EC2,51.718957023360275,52.7966101701229,50.9836065582931,60,3103.1374214016164,Percent,2023-12-07T07:35:00+05:30,aws,ap-south-1,895261382174,"{""connection_name"":""aws_demo""}"
i-0e318bfd5d116d34b,CPUUtilization,AWS/EC2,51.61776380782947,52.8333333336438,50.9836065582931,60,3097.0658284697683,Percent,2023-11-29T01:35:00+05:30,aws,ap-south-1,895261382174,"{""connection_name"":""aws_demo""}"
i-0e318bfd5d116d34b,CPUUtilization,AWS/EC2,80.93950482093717,100,50.9322033895148,60,4856.3702892562305,Percent,2023-12-06T00:35:00+05:30,aws,ap-south-1,895261382174,"{""connection_name"":""aws_demo""}"
i-0e318bfd5d116d34b,CPUUtilization,AWS/EC2,97.45203567342737,100,51.8644067806081,60,5847.122140405642,Percent,2023-12-04T20:35:00+05:30,aws,ap-south-1,895261382174,"{""connection_name"":""aws_demo""}"
i-0e318bfd5d116d34b,CPUUtilization,AWS/EC2,51.659884304287125,52.7966101685444,50.9836065582931,60,3099.5930582572273,Percent,2023-11-30T03:35:00+05:30,aws,ap-south-1,895261382174,"{""connection_name"":""aws_demo""}"
i-0e318bfd5d116d34b,CPUUtilization,AWS/EC2,51.645183461460505,52.7500000006209,50.9836065582931,60,3098.71100768763,Percent,2023-11-30T04:35:00+05:30,aws,ap-south-1,895261382174,"{""connection_name"":""aws_demo""}"
i-0e318bfd5d116d34b,CPUUtilization,AWS/EC2,99.52412999780495,100,97.7049180321762,60,5971.447799868297,Percent,2023-12-07T01:35:00+05:30,aws,ap-south-1,895261382174,"{""connection_name"":""aws_demo""}"
i-0e318bfd5d116d34b,CPUUtilization,AWS/EC2,51.749914713971606,52.8333333336438,50.9322033910933,60,3104.9948828382962,Percent,2023-12-02T18:35:00+05:30,aws,ap-south-1,895261382174,"{""connection_name"":""aws_demo""}"
i-0e318bfd5d116d34b,CPUUtilization,AWS/EC2,51.67652434317544,52.7966101685444,50.9836065567663,60,3100.5914605905264,Percent,2023-12-12T05:35:00+05:30,aws,ap-south-1,895261382174,"{""connection_name"":""aws_demo""}"
i-0e318bfd5d116d34b,CPUUtilization,AWS/EC2,51.65983992467594,52.7966101701229,50.9322033895148,60,3099.5903954805567,Percent,2023-11-28T20:35:00+05:30,aws,ap-south-1,895261382174,"{""connection_name"":""aws_demo""}"
i-0e318bfd5d116d34b,CPUUtilization,AWS/EC2,51.674631842179494,52.8333333336438,50.9322033895148,60,3100.47791053077,Percent,2023-12-09T06:35:00+05:30,aws,ap-south-1,895261382174,"{""connection_name"":""aws_demo""}"
i-0e318bfd5d116d34b,CPUUtilization,AWS/EC2,51.6592336605962,52.7966101701229,50.9322033895148,60,3099.554019635772,Percent,2023-12-09T07:35:00+05:30,aws,ap-south-1,895261382174,"{""connection_name"":""aws_demo""}"
i-0e318bfd5d116d34b,CPUUtilization,AWS/EC2,51.7362237967391,52.8333333336438,50.9836065567663,60,3104.173427804346,Percent,2023-12-11T10:35:00+05:30,aws,ap-south-1,895261382174,"{""connection_name"":""aws_demo""}"
i-0e318bfd5d116d34b,CPUUtilization,AWS/EC2,76.13768330700923,100,50.245901639955,60,4568.260998420554,Percent,2023-12-11T13:35:00+05:30,aws,ap-south-1,895261382174,"{""connection_name"":""aws_demo""}"
i-0e318bfd5d116d34b,CPUUtilization,AWS/EC2,51.67458591892835,52.7118644061483,50.9836065582931,60,3100.4751551357012,Percent,2023-12-01T01:35:00+05:30,aws,ap-south-1,895261382174,"{""connection_name"":""aws_demo""}"
i-0e318bfd5d116d34b,CPUUtilization,AWS/EC2,51.64720138311138,52.7966101701229,50.1639344256188,60,3098.832082986683,Percent,2023-11-29T02:35:00+05:30,aws,ap-south-1,895261382174,"{""connection_name"":""aws_demo""}"
i-0e318bfd5d116d34b,CPUUtilization,AWS/EC2,51.69272907597236,52.7966101701229,50.9836065567663,60,3101.5637445583416,Percent,2023-11-29T10:35:00+05:30,aws,ap-south-1,895261382174,"{""connection_name"":""aws_demo""}"
i-0e318bfd5d116d34b,CPUUtilization,AWS/EC2,51.69076286622861,52.7966101701229,50.9836065567663,60,3101.4457719737165,Percent,2023-12-02T09:35:00+05:30,aws,ap-south-1,895261382174,"{""connection_name"":""aws_demo""}"
i-0e318bfd5d116d34b,CPUUtilization,AWS/EC2,52.80320382204527,92.1666666663562,50.1639344256188,60,3168.1922293227162,Percent,2023-12-02T22:35:00+05:30,aws,ap-south-1,895261382174,"{""connection_name"":""aws_demo""}"
i-0e318bfd5d116d34b,CPUUtilization,AWS/EC2,51.78049998456074,52.8333333336438,50.9836065567663,60,3106.8299990736446,Percent,2023-12-13T00:35:00+05:30,aws,ap-south-1,895261382174,"{""connection_name"":""aws_demo""}"
i-0e318bfd5d116d34b,CPUUtilization,AWS/EC2,76.2987836127414,100,50.9322033895148,60,4577.9270167644845,Percent,2023-12-05T22:35:00+05:30,aws,ap-south-1,895261382174,"{""connection_name"":""aws_demo""}"
i-0e318bfd5d116d34b,CPUUtilization,AWS/EC2,56.72603153653828,100,50.9322033895148,60,3403.561892192297,Percent,2023-12-05T16:35:00+05:30,aws,ap-south-1,895261382174,"{""connection_name"":""aws_demo""}"
i-0e318bfd5d116d34b,CPUUtilization,AWS/EC2,51.80843791486806,52.8688524590164,50.9322033895148,60,3108.5062748920836,Percent,2023-12-06T13:35:00+05:30,aws,ap-south-1,895261382174,"{""connection_name"":""aws_demo""}"
i-0e318bfd5d116d34b,CPUUtilization,AWS/EC2,51.63070451669673,52.8333333336438,50.1639344256188,60,3097.842271001804,Percent,2023-12-04T22:35:00+05:30,aws,ap-south-1,895261382174,"{""connection_name"":""aws_demo""}"
i-0e318bfd5d116d34b,CPUUtilization,AWS/EC2,53.00246557685191,84.5762711870721,50.245901639955,60,3180.1479346111146,Percent,2023-12-11T16:35:00+05:30,aws,ap-south-1,895261382174,"{""connection_name"":""aws_demo""}"
i-0e318bfd5d116d34b,CPUUtilization,AWS/EC2,55.51969721527083,100,50.9836065567663,60,3331.1818329162497,Percent,2023-12-01T19:35:00+05:30,aws,ap-south-1,895261382174,"{""connection_name"":""aws_demo""}"
i-0e318bfd5d116d34b,CPUUtilization,AWS/EC2,53.59004237290387,100,50.9322033895148,60,3215.4025423742323,Percent,2023-12-03T17:35:00+05:30,aws,ap-south-1,895261382174,"{""connection_name"":""aws_demo""}"
i-0e318bfd5d116d34b,CPUUtilization,AWS/EC2,51.87315998271047,62.7966101691758,50.9322033895148,60,3112.389598962628,Percent,2023-12-01T16:35:00+05:30,aws,ap-south-1,895261382174,"{""connection_name"":""aws_demo""}"
i-0e318bfd5d116d34b,CPUUtilization,AWS/EC2,67.39979816920722,100,50.9999999993791,60,4043.987890152433,Percent,2023-12-09T11:35:00+05:30,aws,ap-south-1,895261382174,"{""connection_name"":""aws_demo""}"
i-0e318bfd5d116d34b,CPUUtilization,AWS/EC2,51.690703050230596,52.8333333336438,50.1639344271456,60,3101.442183013836,Percent,2023-12-04T23:35:00+05:30,aws,ap-south-1,895261382174,"{""connection_name"":""aws_demo""}"
i-0e318bfd5d116d34b,CPUUtilization,AWS/EC2,81.41524613319997,100,50.9322033895148,60,4884.914767991998,Percent,2023-12-06T01:35:00+05:30,aws,ap-south-1,895261382174,"{""connection_name"":""aws_demo""}"
i-0e318bfd5d116d34b,CPUUtilization,AWS/EC2,51.73542110460953,52.8333333336438,50.9322033895148,60,3104.125266276572,Percent,2023-12-01T05:35:00+05:30,aws,ap-south-1,895261382174,"{""connection_name"":""aws_demo""}"
i-0e318bfd5d116d34b,CPUUtilization,AWS/EC2,51.645880414316224,52.8333333336438,50.9322033895148,60,3098.7528248589733,Percent,2023-12-02T03:35:00+05:30,aws,ap-south-1,895261382174,"{""connection_name"":""aws_demo""}"
i-0e318bfd5d116d34b,CPUUtilization,AWS/EC2,51.719979701136616,56.416666667598,50.9836065567663,60,3103.198782068197,Percent,2023-12-13T03:35:00+05:30,aws,ap-south-1,895261382174,"{""connection_name"":""aws_demo""}"
i-0e318bfd5d116d34b,CPUUtilization,AWS/EC2,51.6915941156431,52.8333333336438,50.9322033895148,60,3101.495646938586,Percent,2023-12-04T12:35:00+05:30,aws,ap-south-1,895261382174,"{""connection_name"":""aws_demo""}"
i-0e318bfd5d116d34b,CPUUtilization,AWS/EC2,51.675788027558276,52.7966101701229,50.9836065582931,60,3100.5472816534966,Percent,2023-12-09T12:35:00+05:30,aws,ap-south-1,895261382174,"{""connection_name"":""aws_demo""}"
i-0e318bfd5d116d34b,CPUUtilization,AWS/EC2,51.662828795057216,52.8333333336438,50.9322033910933,60,3099.769727703433,Percent,2023-12-05T08:35:00+05:30,aws,ap-south-1,895261382174,"{""connection_name"":""aws_demo""}"
i-0e318bfd5d116d34b,CPUUtilization,AWS/EC2,51.61668904944792,52.8333333336438,50.1639344256188,60,3097.001342966875,Percent,2023-12-09T20:35:00+05:30,aws,ap-south-1,895261382174,"{""connection_name"":""aws_demo""}"
i-0e318bfd5d116d34b,CPUUtilization,AWS/EC2,52.47996125466994,79.2622950828833,50.9322033895148,60,3148.7976752801965,Percent,2023-12-07T19:35:00+05:30,aws,ap-south-1,895261382174,"{""connection_name"":""aws_demo""}"
i-0e318bfd5d116d34b,CPUUtilization,AWS/EC2,51.71990985151187,52.7499999990687,50.9322033895148,60,3103.1945910907125,Percent,2023-12-01T06:35:00+05:30,aws,ap-south-1,895261382174,"{""connection_name"":""aws_demo""}"
i-0e318bfd5d116d34b,CPUUtilization,AWS/EC2,51.72188339354679,52.8333333336438,50.1639344256188,60,3103.3130036128073,Percent,2023-12-10T13:35:00+05:30,aws,ap-south-1,895261382174,"{""connection_name"":""aws_demo""}"
i-0e318bfd5d116d34b,CPUUtilization,AWS/EC2,51.66176059707958,52.7966101685444,50.9322033895148,60,3099.7056358247746,Percent,2023-12-08T09:35:00+05:30,aws,ap-south-1,895261382174,"{""connection_name"":""aws_demo""}"
i-0e318bfd5d116d34b,CPUUtilization,AWS/EC2,51.67614923898562,52.8333333336438,50.9836065567663,60,3100.5689543391372,Percent,2023-12-02T01:35:00+05:30,aws,ap-south-1,895261382174,"{""connection_name"":""aws_demo""}"
i-0e318bfd5d116d34b,CPUUtilization,AWS/EC2,52.07059792841851,71.8644067787139,50.1639344256188,60,3124.2358757051106,Percent,2023-12-11T02:35:00+05:30,aws,ap-south-1,895261382174,"{""connection_name"":""aws_demo""}"
i-0e318bfd5d116d34b,CPUUtilization,AWS/EC2,51.676696458899606,52.7966101701229,50.1639344256188,60,3100.601787533976,Percent,2023-12-11T09:35:00+05:30,aws,ap-south-1,895261382174,"{""connection_name"":""aws_demo""}"
i-0e318bfd5d116d34b,CPUUtilization,AWS/EC2,51.63183754747552,52.8333333336438,50.9322033895148,60,3097.9102528485314,Percent,2023-12-04T09:35:00+05:30,aws,ap-south-1,895261382174,"{""connection_name"":""aws_demo""}"
i-0e318bfd5d116d34b,CPUUtilization,AWS/EC2,51.61453760303424,52.8333333336438,50.1639344256188,60,3096.8722561820546,Percent,2023-12-02T14:35:00+05:30,aws,ap-south-1,895261382174,"{""connection_name"":""aws_demo""}"
i-0e318bfd5d116d34b,CPUUtilization,AWS/EC2,66.70239263991074,100,50.9836065567663,60,4002.143558394644,Percent,2023-12-05T01:35:00+05:30,aws,ap-south-1,895261382174,"{""connection_name"":""aws_demo""}"
i-0e318bfd5d116d34b,CPUUtilization,AWS/EC2,51.61683106417474,52.7966101701229,50.9836065567663,60,3097.009863850484,Percent,2023-12-02T21:35:00+05:30,aws,ap-south-1,895261382174,"{""connection_name"":""aws_demo""}"
i-0e318bfd5d116d34b,CPUUtilization,AWS/EC2,52.036464218462825,67.0833333333333,50.9836065567663,60,3122.1878531077696,Percent,2023-12-03T03:35:00+05:30,aws,ap-south-1,895261382174,"{""connection_name"":""aws_demo""}"
i-0e318bfd5d116d34b,CPUUtilization,AWS/EC2,51.78129264301949,52.8333333336438,50.9836065567663,60,3106.8775585811695,Percent,2023-12-11T23:35:00+05:30,aws,ap-south-1,895261382174,"{""connection_name"":""aws_demo""}"
i-0e318bfd5d116d34b,CPUUtilization,AWS/EC2,51.61810032108397,52.7500000006209,50.9836065582931,60,3097.0860192650384,Percent,2023-12-02T15:35:00+05:30,aws,ap-south-1,895261382174,"{""connection_name"":""aws_demo""}"
i-0e318bfd5d116d34b,CPUUtilization,AWS/EC2,73.15522637458538,100,50.9836065567663,60,4389.3135824751225,Percent,2023-12-09T04:35:00+05:30,aws,ap-south-1,895261382174,"{""connection_name"":""aws_demo""}"
i-0e318bfd5d116d34b,CPUUtilization,AWS/EC2,52.303740236483534,91.3333333330229,50.1639344256188,60,3138.224414189012,Percent,2023-11-29T11:35:00+05:30,aws,ap-south-1,895261382174,"{""connection_name"":""aws_demo""}"
i-0e318bfd5d116d34b,CPUUtilization,AWS/EC2,51.660216572503835,52.7966101701229,50.9322033895148,60,3099.61299435023,Percent,2023-12-08T19:35:00+05:30,aws,ap-south-1,895261382174,"{""connection_name"":""aws_demo""}"
i-0e318bfd5d116d34b,CPUUtilization,AWS/EC2,51.6905012194753,52.8333333336438,50.9836065567663,60,3101.430073168518,Percent,2023-11-28T18:35:00+05:30,aws,ap-south-1,895261382174,"{""connection_name"":""aws_demo""}"
i-0e318bfd5d116d34b,CPUUtilization,AWS/EC2,53.28699484425151,100,50.9836065582931,60,3197.2196906550907,Percent,2023-12-03T16:35:00+05:30,aws,ap-south-1,895261382174,"{""connection_name"":""aws_demo""}"
i-0e318bfd5d116d34b,CPUUtilization,AWS/EC2,51.66019341792931,52.8333333336438,50.9322033895148,60,3099.6116050757582,Percent,2023-12-01T12:35:00+05:30,aws,ap-south-1,895261382174,"{""connection_name"":""aws_demo""}"
i-0e318bfd5d116d34b,CPUUtilization,AWS/EC2,72.66943865580713,100,50.9322033910933,60,4360.166319348427,Percent,2023-12-04T19:35:00+05:30,aws,ap-south-1,895261382174,"{""connection_name"":""aws_demo""}"
i-0e318bfd5d116d34b,CPUUtilization,AWS/EC2,74.61618852460656,100,46.4999999990687,60,4476.971311476394,Percent,2023-12-05T21:35:00+05:30,aws,ap-south-1,895261382174,"{""connection_name"":""aws_demo""}"
i-0e318bfd5d116d34b,CPUUtilization,AWS/EC2,59.990772513953814,100,50.9322033895148,60,3599.4463508372287,Percent,2023-12-09T05:35:00+05:30,aws,ap-south-1,895261382174,"{""connection_name"":""aws_demo""}"
i-0e318bfd5d116d34b,CPUUtilization,AWS/EC2,51.70777722032422,52.8333333336438,50.9836065582931,60,3102.466633219453,Percent,2023-12-10T07:35:00+05:30,aws,ap-south-1,895261382174,"{""connection_name"":""aws_demo""}"
i-0e318bfd5d116d34b,CPUUtilization,AWS/EC2,99.60176823816292,100,97.7049180337029,60,5976.106094289775,Percent,2023-12-07T00:35:00+05:30,aws,ap-south-1,895261382174,"{""connection_name"":""aws_demo""}"
i-0e318bfd5d116d34b,CPUUtilization,AWS/EC2,51.75078532617739,52.8333333336438,50.9322033895148,60,3105.0471195706436,Percent,2023-12-10T06:35:00+05:30,aws,ap-south-1,895261382174,"{""connection_name"":""aws_demo""}"
i-0e318bfd5d116d34b,CPUUtilization,AWS/EC2,51.64568012720633,52.8333333320916,50.9322033895148,60,3098.74080763238,Percent,2023-12-03T23:35:00+05:30,aws,ap-south-1,895261382174,"{""connection_name"":""aws_demo""}"
i-0e318bfd5d116d34b,CPUUtilization,AWS/EC2,51.689869871260356,52.8333333336438,50.9836065567663,60,3101.3921922756213,Percent,2023-12-10T14:35:00+05:30,aws,ap-south-1,895261382174,"{""connection_name"":""aws_demo""}"
i-0e318bfd5d116d34b,CPUUtilization,AWS/EC2,51.92635840203361,66.8852459028607,50.9836065567663,60,3115.581504122016,Percent,2023-11-29T20:35:00+05:30,aws,ap-south-1,895261382174,"{""connection_name"":""aws_demo""}"
i-0e318bfd5d116d34b,CPUUtilization,AWS/EC2,52.031895819816924,70.6666666657353,50.9322033895148,60,3121.9137491890156,Percent,2023-11-29T07:35:00+05:30,aws,ap-south-1,895261382174,"{""connection_name"":""aws_demo""}"
i-0e318bfd5d116d34b,CPUUtilization,AWS/EC2,54.03578771878601,100,50.9836065567663,60,3242.147263127161,Percent,2023-12-06T16:35:00+05:30,aws,ap-south-1,895261382174,"{""connection_name"":""aws_demo""}"
i-0e318bfd5d116d34b,CPUUtilization,AWS/EC2,52.70506776572737,96.5833333336438,50.9322033895148,60,3162.3040659436424,Percent,2023-12-07T16:35:00+05:30,aws,ap-south-1,895261382174,"{""connection_name"":""aws_demo""}"
i-0e318bfd5d116d34b,CPUUtilization,AWS/EC2,51.67859562682065,52.8333333336438,50.1639344256188,60,3100.715737609239,Percent,2023-12-13T07:35:00+05:30,aws,ap-south-1,895261382174,"{""connection_name"":""aws_demo""}"
i-0e318bfd5d116d34b,CPUUtilization,AWS/EC2,51.6463107035961,52.7966101701229,50.9322033895148,60,3098.778642215766,Percent,2023-12-09T18:35:00+05:30,aws,ap-south-1,895261382174,"{""connection_name"":""aws_demo""}"
i-0e318bfd5d116d34b,CPUUtilization,AWS/EC2,55.62269457561579,100,50.1639344256188,60,3337.3616745369472,Percent,2023-12-11T15:35:00+05:30,aws,ap-south-1,895261382174,"{""connection_name"":""aws_demo""}"
i-0e318bfd5d116d34b,CPUUtilization,AWS/EC2,51.70673798276126,53.6666666654249,50.9836065567663,60,3102.4042789656755,Percent,2023-12-12T15:35:00+05:30,aws,ap-south-1,895261382174,"{""connection_name"":""aws_demo""}"
i-0e318bfd5d116d34b,CPUUtilization,AWS/EC2,52.89141566355067,89.1525423738285,50.1639344256188,60,3173.48493981304,Percent,2023-12-09T08:35:00+05:30,aws,ap-south-1,895261382174,"{""connection_name"":""aws_demo""}"
i-0e318bfd5d116d34b,CPUUtilization,AWS/EC2,51.677117486332925,52.7966101701229,50.1639344271456,60,3100.6270491799755,Percent,2023-12-03T10:35:00+05:30,aws,ap-south-1,895261382174,"{""connection_name"":""aws_demo""}"
i-0e318bfd5d116d34b,CPUUtilization,AWS/EC2,67.77478620602444,100,50.1639344271456,60,4066.487172361467,Percent,2023-12-12T16:35:00+05:30,aws,ap-south-1,895261382174,"{""connection_name"":""aws_demo""}"
i-0e318bfd5d116d34b,CPUUtilization,AWS/EC2,62.81075298692563,100,50.9836065567663,60,3768.6451792155376,Percent,2023-12-12T11:35:00+05:30,aws,ap-south-1,895261382174,"{""connection_name"":""aws_demo""}"
i-0e318bfd5d116d34b,CPUUtilization,AWS/EC2,51.77850020067157,52.8333333336438,50.9322033895148,60,3106.7100120402943,Percent,2023-12-13T01:35:00+05:30,aws,ap-south-1,895261382174,"{""connection_name"":""aws_demo""}"
i-0e318bfd5d116d34b,CPUUtilization,AWS/EC2,52.85663224352495,84.0833333336438,50.9322033910933,60,3171.397934611497,Percent,2023-12-07T11:35:00+05:30,aws,ap-south-1,895261382174,"{""connection_name"":""aws_demo""}"
i-0e318bfd5d116d34b,CPUUtilization,AWS/EC2,51.5130364144449,52.7966101701229,50.9322033895148,60,3090.782184866694,Percent,2023-11-30T23:35:00+05:30,aws,ap-south-1,895261382174,"{""connection_name"":""aws_demo""}"
i-0e318bfd5d116d34b,CPUUtilization,AWS/EC2,51.75154518230743,52.7966101685444,50.9836065567663,60,3105.092710938446,Percent,2023-12-06T10:35:00+05:30,aws,ap-south-1,895261382174,"{""connection_name"":""aws_demo""}"
i-0e318bfd5d116d34b,CPUUtilization,AWS/EC2,55.43860485941773,100,50.9322033895148,60,3326.3162915650637,Percent,2023-12-11T14:35:00+05:30,aws,ap-south-1,895261382174,"{""connection_name"":""aws_demo""}"
i-0e318bfd5d116d34b,CPUUtilization,AWS/EC2,51.66210830169158,52.8333333336438,50.9836065567663,60,3099.726498101495,Percent,2023-11-29T12:35:00+05:30,aws,ap-south-1,895261382174,"{""connection_name"":""aws_demo""}"
i-0e318bfd5d116d34b,CPUUtilization,AWS/EC2,51.70623707202315,52.8333333336438,50.1639344256188,60,3102.374224321389,Percent,2023-12-04T00:35:00+05:30,aws,ap-south-1,895261382174,"{""connection_name"":""aws_demo""}"
i-0e318bfd5d116d34b,CPUUtilization,AWS/EC2,51.58743671081447,52.7966101701229,50.9836065567663,60,3095.2462026488683,Percent,2023-12-06T18:35:00+05:30,aws,ap-south-1,895261382174,"{""connection_name"":""aws_demo""}"
i-0e318bfd5d116d34b,CPUUtilization,AWS/EC2,51.705512719604236,52.8333333336438,50.9322033895148,60,3102.330763176254,Percent,2023-11-30T09:35:00+05:30,aws,ap-south-1,895261382174,"{""connection_name"":""aws_demo""}"
i-0e318bfd5d116d34b,CPUUtilization,AWS/EC2,51.94087941092877,62.5409836056413,50.9322033895148,60,3116.4527646557262,Percent,2023-11-30T10:35:00+05:30,aws,ap-south-1,895261382174,"{""connection_name"":""aws_demo""}"
i-0e318bfd5d116d34b,CPUUtilization,AWS/EC2,51.97404357418879,65.3333333336438,50.9322033895148,60,3118.4426144513272,Percent,2023-12-11T22:35:00+05:30,aws,ap-south-1,895261382174,"{""connection_name"":""aws_demo""}"
i-0e318bfd5d116d34b,CPUUtilization,AWS/EC2,51.61613256767909,52.8333333320916,50.9836065567663,60,3096.9679540607453,Percent,2023-11-29T21:35:00+05:30,aws,ap-south-1,895261382174,"{""connection_name"":""aws_demo""}"
i-0e318bfd5d116d34b,CPUUtilization,AWS/EC2,51.64710413386773,52.7966101701229,50.1639344271456,60,3098.8262480320636,Percent,2023-12-06T02:35:00+05:30,aws,ap-south-1,895261382174,"{""connection_name"":""aws_demo""}"
i-0e318bfd5d116d34b,CPUUtilization,AWS/EC2,51.64551631992115,52.7966101701229,50.8620689655172,60,3098.730979195269,Percent,2023-12-07T13:35:00+05:30,aws,ap-south-1,895261382174,"{""connection_name"":""aws_demo""}"
i-0e318bfd5d116d34b,CPUUtilization,AWS/EC2,51.73624733723666,52.7966101701229,50.9322033910933,60,3104.1748402341996,Percent,2023-12-13T08:35:00+05:30,aws,ap-south-1,895261382174,"{""connection_name"":""aws_demo""}"
i-0e318bfd5d116d34b,CPUUtilization,AWS/EC2,69.78725456141541,100,50.9999999993791,60,4187.235273684924,Percent,2023-12-06T23:35:00+05:30,aws,ap-south-1,895261382174,"{""connection_name"":""aws_demo""}"
i-0e318bfd5d116d34b,CPUUtilization,AWS/EC2,51.676947686080716,52.8333333336438,50.1639344256188,60,3100.616861164843,Percent,2023-11-30T08:35:00+05:30,aws,ap-south-1,895261382174,"{""connection_name"":""aws_demo""}"
i-0e318bfd5d116d34b,CPUUtilization,AWS/EC2,51.74920927110588,52.8688524590164,50.9322033895148,60,3104.952556266353,Percent,2023-12-07T12:35:00+05:30,aws,ap-south-1,895261382174,"{""connection_name"":""aws_demo""}"
i-0e318bfd5d116d34b,CPUUtilization,AWS/EC2,51.63119848107023,52.7966101685444,50.9836065567663,60,3097.8719088642138,Percent,2023-12-06T04:35:00+05:30,aws,ap-south-1,895261382174,"{""connection_name"":""aws_demo""}"
i-0e318bfd5d116d34b,CPUUtilization,AWS/EC2,51.70373830693823,52.8333333336438,50.9836065567663,60,3102.2242984162935,Percent,2023-12-05T02:35:00+05:30,aws,ap-south-1,895261382174,"{""connection_name"":""aws_demo""}"
i-0e318bfd5d116d34b,CPUUtilization,AWS/EC2,51.73580083974994,53.6885245901639,50.9836065567663,60,3104.1480503849966,Percent,2023-12-12T03:35:00+05:30,aws,ap-south-1,895261382174,"{""connection_name"":""aws_demo""}"
i-0e318bfd5d116d34b,CPUUtilization,AWS/EC2,54.43835247444008,75.1666666660458,50.9999999993791,60,3266.301148466405,Percent,2023-11-29T19:35:00+05:30,aws,ap-south-1,895261382174,"{""connection_name"":""aws_demo""}"
i-0e318bfd5d116d34b,CPUUtilization,AWS/EC2,51.71789192985161,52.8333333336438,50.9322033895148,60,3103.0735157910967,Percent,2023-12-05T09:35:00+05:30,aws,ap-south-1,895261382174,"{""connection_name"":""aws_demo""}"
i-0e318bfd5d116d34b,CPUUtilization,AWS/EC2,64.14682898028376,100,50.9322033895148,60,3848.809738817026,Percent,2023-12-08T20:35:00+05:30,aws,ap-south-1,895261382174,"{""connection_name"":""aws_demo""}"
i-0e318bfd5d116d34b,CPUUtilization,AWS/EC2,51.691229431011344,52.8333333336438,50.1639344271456,60,3101.4737658606805,Percent,2023-12-01T04:35:00+05:30,aws,ap-south-1,895261382174,"{""connection_name"":""aws_demo""}"
i-0e318bfd5d116d34b,CPUUtilization,AWS/EC2,54.13657921954119,100,50.9836065567663,60,3248.1947531724713,Percent,2023-12-09T17:35:00+05:30,aws,ap-south-1,895261382174,"{""connection_name"":""aws_demo""}"
i-0e318bfd5d116d34b,CPUUtilization,AWS/EC2,52.78120851470888,99.3333333327125,50.1639344256188,60,3166.872510882533,Percent,2023-12-01T20:35:00+05:30,aws,ap-south-1,895261382174,"{""connection_name"":""aws_demo""}"
i-0e318bfd5d116d34b,CPUUtilization,AWS/EC2,51.6603308017687,52.8333333336438,50.9836065582931,60,3099.619848106122,Percent,2023-12-06T09:35:00+05:30,aws,ap-south-1,895261382174,"{""connection_name"":""aws_demo""}"
i-0e318bfd5d116d34b,CPUUtilization,AWS/EC2,51.63234347505115,52.7966101685444,50.9999999993791,60,3097.940608503069,Percent,2023-12-03T21:35:00+05:30,aws,ap-south-1,895261382174,"{""connection_name"":""aws_demo""}"
i-0e318bfd5d116d34b,CPUUtilization,AWS/EC2,51.825906887704086,52.8333333320916,50.9999999993791,60,3109.5544132622454,Percent,2023-12-12T23:35:00+05:30,aws,ap-south-1,895261382174,"{""connection_name"":""aws_demo""}"
i-0e318bfd5d116d34b,CPUUtilization,AWS/EC2,51.61572041615041,52.7966101701229,50.9322033895148,60,3096.9432249690244,Percent,2023-12-02T08:35:00+05:30,aws,ap-south-1,895261382174,"{""connection_name"":""aws_demo""}"
i-0e318bfd5d116d34b,CPUUtilization,AWS/EC2,51.705432064482856,52.7966101701229,50.9836065567663,60,3102.3259238689716,Percent,2023-12-07T18:35:00+05:30,aws,ap-south-1,895261382174,"{""connection_name"":""aws_demo""}"
i-0e318bfd5d116d34b,CPUUtilization,AWS/EC2,51.855631193855125,52.8333333336438,50.9999999993791,60,3111.3378716313073,Percent,2023-11-30T21:35:00+05:30,aws,ap-south-1,895261382174,"{""connection_name"":""aws_demo""}"
i-0e318bfd5d116d34b,CPUUtilization,AWS/EC2,51.84000802693148,55.4166666666667,50.9836065567663,60,3110.4004816158886,Percent,2023-12-06T11:35:00+05:30,aws,ap-south-1,895261382174,"{""connection_name"":""aws_demo""}"
i-0e318bfd5d116d34b,CPUUtilization,AWS/EC2,52.002389166759706,65.1639344262295,50.9322033895148,60,3120.1433500055823,Percent,2023-12-08T22:35:00+05:30,aws,ap-south-1,895261382174,"{""connection_name"":""aws_demo""}"
i-0e318bfd5d116d34b,CPUUtilization,AWS/EC2,62.93808458267688,100,50.9836065567663,60,3776.2850749606127,Percent,2023-12-09T10:35:00+05:30,aws,ap-south-1,895261382174,"{""connection_name"":""aws_demo""}"
i-0e318bfd5d116d34b,CPUUtilization,AWS/EC2,51.97707040535477,63.5000000009313,50.1639344271456,60,3118.6242243212864,Percent,2023-11-28T19:35:00+05:30,aws,ap-south-1,895261382174,"{""connection_name"":""aws_demo""}"
i-0e318bfd5d116d34b,CPUUtilization,AWS/EC2,51.754075878311355,52.8333333336438,50.9836065567663,60,3105.244552698681,Percent,2023-12-13T05:35:00+05:30,aws,ap-south-1,895261382174,"{""connection_name"":""aws_demo""}"
i-0e318bfd5d116d34b,CPUUtilization,AWS/EC2,51.66140633201029,52.8333333336438,50.9322033895148,60,3099.684379920617,Percent,2023-12-09T23:35:00+05:30,aws,ap-south-1,895261382174,"{""connection_name"":""aws_demo""}"
i-0e318bfd5d116d34b,CPUUtilization,AWS/EC2,51.72001173164117,52.8333333336438,50.9999999993791,60,3103.2007038984702,Percent,2023-11-29T13:35:00+05:30,aws,ap-south-1,895261382174,"{""connection_name"":""aws_demo""}"
i-0e318bfd5d116d34b,CPUUtilization,AWS/EC2,51.66130638140042,52.8333333336438,50.9836065567663,60,3099.6783828840253,Percent,2023-12-03T08:35:00+05:30,aws,ap-south-1,895261382174,"{""connection_name"":""aws_demo""}"
i-0e318bfd5d116d34b,CPUUtilization,AWS/EC2,74.13148714143306,100,50.9322033895148,60,4447.889228485983,Percent,2023-12-12T10:35:00+05:30,aws,ap-south-1,895261382174,"{""connection_name"":""aws_demo""}"
i-0e318bfd5d116d34b,CPUUtilization,AWS/EC2,51.631436587310255,52.8333333320916,50.9836065567663,60,3097.886195238615,Percent,2023-12-12T18:35:00+05:30,aws,ap-south-1,895261382174,"{""connection_name"":""aws_demo""}"
i-0e318bfd5d116d34b,CPUUtilization,AWS/EC2,64.21451213295919,100,50.9836065567663,60,3852.8707279775513,Percent,2023-11-28T23:35:00+05:30,aws,ap-south-1,895261382174,"{""connection_name"":""aws_demo""}"
i-0e318bfd5d116d34b,CPUUtilization,AWS/EC2,51.67490082121448,52.8333333336438,50.9836065567663,60,3100.494049272869,Percent,2023-12-05T13:35:00+05:30,aws,ap-south-1,895261382174,"{""connection_name"":""aws_demo""}"
i-0e318bfd5d116d34b,CPUUtilization,AWS/EC2,55.23001065109689,98.4166666663562,50.9836065582931,60,3313.8006390658134,Percent,2023-12-05T14:35:00+05:30,aws,ap-south-1,895261382174,"{""connection_name"":""aws_demo""}"
i-0e318bfd5d116d34b,CPUUtilization,AWS/EC2,51.63242181471101,52.8333333336438,50.1639344256188,60,3097.9453088826604,Percent,2023-12-06T15:35:00+05:30,aws,ap-south-1,895261382174,"{""connection_name"":""aws_demo""}"
i-0e318bfd5d116d34b,CPUUtilization,AWS/EC2,51.66109528882178,52.8333333336438,50.1639344271456,60,3099.6657173293065,Percent,2023-12-03T07:35:00+05:30,aws,ap-south-1,895261382174,"{""connection_name"":""aws_demo""}"
i-0e318bfd5d116d34b,CPUUtilization,AWS/EC2,51.64438115524383,51.9166666672876,50.9999999993791,60,3098.6628693146295,Percent,2023-12-06T03:35:00+05:30,aws,ap-south-1,895261382174,"{""connection_name"":""aws_demo""}"
i-0e318bfd5d116d34b,CPUUtilization,AWS/EC2,51.70826348369389,52.8333333336438,50.1639344256188,60,3102.4958090216332,Percent,2023-12-04T04:35:00+05:30,aws,ap-south-1,895261382174,"{""connection_name"":""aws_demo""}"
i-0e318bfd5d116d34b,CPUUtilization,AWS/EC2,51.70717907750903,52.7966101701229,50.9322033910933,60,3102.430744650542,Percent,2023-12-07T04:35:00+05:30,aws,ap-south-1,895261382174,"{""connection_name"":""aws_demo""}"
i-0e318bfd5d116d34b,CPUUtilization,AWS/EC2,51.66011083326019,52.7966101685444,50.9322033895148,60,3099.6066499956114,Percent,2023-12-10T05:35:00+05:30,aws,ap-south-1,895261382174,"{""connection_name"":""aws_demo""}"
i-0e318bfd5d116d34b,CPUUtilization,AWS/EC2,51.71960343923997,53.6666666654249,50.1639344271456,60,3103.176206354398,Percent,2023-12-12T17:35:00+05:30,aws,ap-south-1,895261382174,"{""connection_name"":""aws_demo""}"
i-0e318bfd5d116d34b,CPUUtilization,AWS/EC2,96.51064994911192,100,51.0655737711025,60,5790.638996946715,Percent,2023-12-08T01:35:00+05:30,aws,ap-south-1,895261382174,"{""connection_name"":""aws_demo""}"
i-0e318bfd5d116d34b,CPUUtilization,AWS/EC2,51.617524929747255,52.7966101701229,50.9836065567663,60,3097.0514957848354,Percent,2023-12-03T22:35:00+05:30,aws,ap-south-1,895261382174,"{""connection_name"":""aws_demo""}"
i-0e318bfd5d116d34b,CPUUtilization,AWS/EC2,51.62975517889263,52.7499999990687,50.9322033895148,60,3097.7853107335577,Percent,2023-12-02T06:35:00+05:30,aws,ap-south-1,895261382174,"{""connection_name"":""aws_demo""}"
i-0e318bfd5d116d34b,CPUUtilization,AWS/EC2,59.687038452043886,100,50.9836065582931,60,3581.222307122633,Percent,2023-12-09T22:35:00+05:30,aws,ap-south-1,895261382174,"{""connection_name"":""aws_demo""}"
i-0e318bfd5d116d34b,CPUUtilization,AWS/EC2,66.43854658702043,100,50.9999999993791,60,3986.3127952212253,Percent,2023-12-06T14:35:00+05:30,aws,ap-south-1,895261382174,"{""connection_name"":""aws_demo""}"
i-0e318bfd5d116d34b,CPUUtilization,AWS/EC2,51.63115217190961,52.8333333336438,50.1639344271456,60,3097.8691303145765,Percent,2023-12-02T07:35:00+05:30,aws,ap-south-1,895261382174,"{""connection_name"":""aws_demo""}"
i-0e318bfd5d116d34b,CPUUtilization,AWS/EC2,51.64548176963771,52.7500000006209,50.9322033895148,60,3098.7289061782626,Percent,2023-12-03T02:35:00+05:30,aws,ap-south-1,895261382174,"{""connection_name"":""aws_demo""}"
i-0e318bfd5d116d34b,CPUUtilization,AWS/EC2,53.19878515635542,100,50.1639344271456,60,3191.9271093813254,Percent,2023-11-30T14:35:00+05:30,aws,ap-south-1,895261382174,"{""connection_name"":""aws_demo""}"
i-0e318bfd5d116d34b,CPUUtilization,AWS/EC2,57.47523038806265,100,50.9322033895148,60,3448.513823283759,Percent,2023-12-11T01:35:00+05:30,aws,ap-south-1,895261382174,"{""connection_name"":""aws_demo""}"
i-0e318bfd5d116d34b,CPUUtilization,AWS/EC2,51.72324797011879,52.8333333336438,50.9836065567663,60,3103.3948782071275,Percent,2023-11-29T14:35:00+05:30,aws,ap-south-1,895261382174,"{""connection_name"":""aws_demo""}"
i-0e318bfd5d116d34b,CPUUtilization,AWS/EC2,51.64515413232433,52.7966101701229,50.9322033895148,60,3098.7092479394596,Percent,2023-12-11T08:35:00+05:30,aws,ap-south-1,895261382174,"{""connection_name"":""aws_demo""}"
i-0e318bfd5d116d34b,CPUUtilization,AWS/EC2,51.62946921983468,52.7118644061483,50.1639344256188,60,3097.7681531900807,Percent,2023-12-01T18:35:00+05:30,aws,ap-south-1,895261382174,"{""connection_name"":""aws_demo""}"
i-0e318bfd5d116d34b,CPUUtilization,AWS/EC2,51.632093019671984,52.7966101701229,50.9836065582931,60,3097.925581180319,Percent,2023-12-01T17:35:00+05:30,aws,ap-south-1,895261382174,"{""connection_name"":""aws_demo""}"
i-0e318bfd5d116d34b,CPUUtilization,AWS/EC2,51.64430011423829,52.7966101685444,50.9999999993791,60,3098.6580068542976,Percent,2023-11-30T01:35:00+05:30,aws,ap-south-1,895261382174,"{""connection_name"":""aws_demo""}"
i-0e318bfd5d116d34b,CPUUtilization,AWS/EC2,51.60273957270994,52.7966101685444,50.9836065567663,60,3096.1643743625964,Percent,2023-12-09T21:35:00+05:30,aws,ap-south-1,895261382174,"{""connection_name"":""aws_demo""}"
i-0e318bfd5d116d34b,CPUUtilization,AWS/EC2,51.631980334028746,52.7966101701229,50.9836065567663,60,3097.9188200417248,Percent,2023-11-30T22:35:00+05:30,aws,ap-south-1,895261382174,"{""connection_name"":""aws_demo""}"
i-0e318bfd5d116d34b,CPUUtilization,AWS/EC2,51.68899457018555,55.4098360652684,50.9322033910933,60,3101.339674211133,Percent,2023-12-04T11:35:00+05:30,aws,ap-south-1,895261382174,"{""connection_name"":""aws_demo""}"
i-0e318bfd5d116d34b,CPUUtilization,AWS/EC2,51.70694598809544,52.8333333336438,50.9836065582931,60,3102.4167592857266,Percent,2023-12-01T03:35:00+05:30,aws,ap-south-1,895261382174,"{""connection_name"":""aws_demo""}"
i-0e318bfd5d116d34b,CPUUtilization,AWS/EC2,51.90000077181271,65.3333333336438,50.1639344271456,60,3114.000046308762,Percent,2023-12-09T16:35:00+05:30,aws,ap-south-1,895261382174,"{""connection_name"":""aws_demo""}"
i-0e318bfd5d116d34b,CPUUtilization,AWS/EC2,51.63182056742733,52.7966101701229,50.9322033895148,60,3097.90923404564,Percent,2023-12-05T00:35:00+05:30,aws,ap-south-1,895261382174,"{""connection_name"":""aws_demo""}"
i-0e318bfd5d116d34b,CPUUtilization,AWS/EC2,62.6338724491404,100,50.9999999993791,60,3758.0323469484238,Percent,2023-12-04T18:35:00+05:30,aws,ap-south-1,895261382174,"{""connection_name"":""aws_demo""}"
i-0e318bfd5d116d34b,CPUUtilization,AWS/EC2,51.70706523416178,52.8333333336438,50.1639344256188,60,3102.423914049707,Percent,2023-12-02T13:35:00+05:30,aws,ap-south-1,895261382174,"{""connection_name"":""aws_demo""}"
i-0e318bfd5d116d34b,CPUUtilization,AWS/EC2,51.72008621221098,57.2500000009313,50.9322033910933,60,3103.205172732659,Percent,2023-12-01T11:35:00+05:30,aws,ap-south-1,895261382174,"{""connection_name"":""aws_demo""}"
i-0e318bfd5d116d34b,CPUUtilization,AWS/EC2,51.67565913370946,52.7966101701229,50.9836065567663,60,3100.5395480225675,Percent,2023-12-03T15:35:00+05:30,aws,ap-south-1,895261382174,"{""connection_name"":""aws_demo""}"
i-0e318bfd5d116d34b,CPUUtilization,AWS/EC2,51.67627388780429,52.7499999990687,50.9836065567663,60,3100.5764332682575,Percent,2023-11-30T02:35:00+05:30,aws,ap-south-1,895261382174,"{""connection_name"":""aws_demo""}"
i-0e318bfd5d116d34b,CPUUtilization,AWS/EC2,94.35296340023977,100,50.9999999993791,60,5661.177804014386,Percent,2023-12-08T21:35:00+05:30,aws,ap-south-1,895261382174,"{""connection_name"":""aws_demo""}"
i-0e318bfd5d116d34b,CPUUtilization,AWS/EC2,51.631656169909775,52.7966101701229,50.0847457639747,60,3097.8993701945865,Percent,2023-12-06T22:35:00+05:30,aws,ap-south-1,895261382174,"{""connection_name"":""aws_demo""}"
i-0e318bfd5d116d34b,CPUUtilization,AWS/EC2,51.64685869532797,52.8333333336438,50.9322033910933,60,3098.8115217196782,Percent,2023-12-04T10:35:00+05:30,aws,ap-south-1,895261382174,"{""connection_name"":""aws_demo""}"
i-0e318bfd5d116d34b,CPUUtilization,AWS/EC2,99.41414590471602,100,97.6229508193668,60,5964.848754282962,Percent,2023-12-05T20:35:00+05:30,aws,ap-south-1,895261382174,"{""connection_name"":""aws_demo""}"
i-0e318bfd5d116d34b,CPUUtilization,AWS/EC2,62.8255510790174,100,50.9836065567663,60,3769.533064741044,Percent,2023-12-10T19:35:00+05:30,aws,ap-south-1,895261382174,"{""connection_name"":""aws_demo""}"
i-0e318bfd5d116d34b,CPUUtilization,AWS/EC2,51.631496403301895,52.8333333336438,50.9322033895148,60,3097.889784198114,Percent,2023-11-30T16:35:00+05:30,aws,ap-south-1,895261382174,"{""connection_name"":""aws_demo""}"
i-0e318bfd5d116d34b,CPUUtilization,AWS/EC2,78.26662151522942,100,50.9322033895148,60,4695.997290913765,Percent,2023-11-29T00:35:00+05:30,aws,ap-south-1,895261382174,"{""connection_name"":""aws_demo""}"
i-0e318bfd5d116d34b,CPUUtilization,AWS/EC2,52.20467876878216,80.0819672140308,50.9836065567663,60,3132.2807261269295,Percent,2023-11-30T00:35:00+05:30,aws,ap-south-1,895261382174,"{""connection_name"":""aws_demo""}"
i-0e318bfd5d116d34b,CPUUtilization,AWS/EC2,51.72230094778266,55.5084745762712,50.9836065567663,60,3103.3380568669595,Percent,2023-12-08T07:35:00+05:30,aws,ap-south-1,895261382174,"{""connection_name"":""aws_demo""}"
i-0e318bfd5d116d34b,CPUUtilization,AWS/EC2,51.63018469635047,52.8333333336438,50.9836065567663,60,3097.811081781028,Percent,2023-12-02T00:35:00+05:30,aws,ap-south-1,895261382174,"{""connection_name"":""aws_demo""}"
i-0e318bfd5d116d34b,CPUUtilization,AWS/EC2,51.64825568832098,52.8333333320916,50.1639344256188,60,3098.8953412992587,Percent,2023-11-30T15:35:00+05:30,aws,ap-south-1,895261382174,"{""connection_name"":""aws_demo""}"
i-0e318bfd5d116d34b,CPUUtilization,AWS/EC2,51.6907289061755,52.7966101701229,50.9836065567663,60,3101.44373437053,Percent,2023-12-07T17:35:00+05:30,aws,ap-south-1,895261382174,"{""connection_name"":""aws_demo""}"
i-0e318bfd5d116d34b,CPUUtilization,AWS/EC2,51.67487921027395,52.7966101701229,50.9322033895148,60,3100.492752616437,Percent,2023-12-05T07:35:00+05:30,aws,ap-south-1,895261382174,"{""connection_name"":""aws_demo""}"
i-0e318bfd5d116d34b,CPUUtilization,AWS/EC2,51.72214696984601,52.7966101701229,50.9836065582931,60,3103.3288181907606,Percent,2023-11-29T06:35:00+05:30,aws,ap-south-1,895261382174,"{""connection_name"":""aws_demo""}"
i-0e318bfd5d116d34b,CPUUtilization,AWS/EC2,51.64518925008859,52.8333333320916,50.9322033895148,60,3098.7113550053155,Percent,2023-12-10T12:35:00+05:30,aws,ap-south-1,895261382174,"{""connection_name"":""aws_demo""}"
i-0e318bfd5d116d34b,CPUUtilization,AWS/EC2,51.704910314605975,52.8333333336438,50.9322033895148,60,3102.2946188763585,Percent,2023-12-08T08:35:00+05:30,aws,ap-south-1,895261382174,"{""connection_name"":""aws_demo""}"
i-0e318bfd5d116d34b,CPUUtilization,AWS/EC2,51.72189574262917,52.7966101701229,50.9836065567663,60,3103.3137445577504,Percent,2023-12-13T06:35:00+05:30,aws,ap-south-1,895261382174,"{""connection_name"":""aws_demo""}"
i-0e318bfd5d116d34b,CPUUtilization,AWS/EC2,53.064786128868036,98.5245901633237,50.9322033910933,60,3183.887167732082,Percent,2023-12-02T20:35:00+05:30,aws,ap-south-1,895261382174,"{""connection_name"":""aws_demo""}"
i-0e318bfd5d116d34b,CPUUtilization,AWS/EC2,51.63093297522047,52.8333333336438,50.1639344256188,60,3097.855978513228,Percent,2023-12-07T06:35:00+05:30,aws,ap-south-1,895261382174,"{""connection_name"":""aws_demo""}"
i-0e318bfd5d116d34b,CPUUtilization,AWS/EC2,51.70502840294557,52.8333333336438,50.1639344271456,60,3102.3017041767343,Percent,2023-12-09T09:35:00+05:30,aws,ap-south-1,895261382174,"{""connection_name"":""aws_demo""}"
i-0e318bfd5d116d34b,CPUUtilization,AWS/EC2,51.61744002962974,52.7966101701229,50.9322033895148,60,3097.0464017777845,Percent,2023-12-10T18:35:00+05:30,aws,ap-south-1,895261382174,"{""connection_name"":""aws_demo""}"
i-0e318bfd5d116d34b,CPUUtilization,AWS/EC2,51.6903904633928,52.8333333336438,50.9322033895148,60,3101.4234278035683,Percent,2023-12-07T05:35:00+05:30,aws,ap-south-1,895261382174,"{""connection_name"":""aws_demo""}"
i-0e318bfd5d116d34b,CPUUtilization,AWS/EC2,53.23332754468506,96.6666666666667,50.9322033910933,60,3193.9996526811037,Percent,2023-12-05T12:35:00+05:30,aws,ap-south-1,895261382174,"{""connection_name"":""aws_demo""}"
i-0e318bfd5d116d34b,CPUUtilization,AWS/EC2,51.7523251057162,52.8333333336438,50.9836065582931,60,3105.1395063429723,Percent,2023-12-09T03:35:00+05:30,aws,ap-south-1,895261382174,"{""connection_name"":""aws_demo""}"
i-0e318bfd5d116d34b,CPUUtilization,AWS/EC2,51.85358625851375,53.75,50.9322033895148,60,3111.2151755108252,Percent,2023-12-12T04:35:00+05:30,aws,ap-south-1,895261382174,"{""connection_name"":""aws_demo""}"
i-0e318bfd5d116d34b,CPUUtilization,AWS/EC2,51.704158948492804,52.8333333336438,50.9836065567663,60,3102.249536909568,Percent,2023-12-11T21:35:00+05:30,aws,ap-south-1,895261382174,"{""connection_name"":""aws_demo""}"
i-0e318bfd5d116d34b,CPUUtilization,AWS/EC2,52.699720601407385,100,50.9836065567663,60,3161.983236084443,Percent,2023-12-03T09:35:00+05:30,aws,ap-south-1,895261382174,"{""connection_name"":""aws_demo""}"
i-0e318bfd5d116d34b,CPUUtilization,AWS/EC2,51.66031999627449,52.8333333336438,50.1639344271456,60,3099.6191997764695,Percent,2023-12-04T05:35:00+05:30,aws,ap-south-1,895261382174,"{""connection_name"":""aws_demo""}"
i-0e318bfd5d116d34b,CPUUtilization,AWS/EC2,51.65858417462805,52.8333333336438,47.4166666669771,60,3099.515050477683,Percent,2023-12-11T00:35:00+05:30,aws,ap-south-1,895261382174,"{""connection_name"":""aws_demo""}"
i-0e318bfd5d116d34b,CPUUtilization,AWS/EC2,51.644557901871046,51.9672131150595,50.9322033895148,60,3098.6734741122627,Percent,2023-12-08T15:35:00+05:30,aws,ap-south-1,895261382174,"{""connection_name"":""aws_demo""}"
i-0e318bfd5d116d34b,CPUUtilization,AWS/EC2,51.64744296252788,52.8333333336438,50.1639344271456,60,3098.846577751673,Percent,2023-12-10T00:35:00+05:30,aws,ap-south-1,895261382174,"{""connection_name"":""aws_demo""}"
i-0e318bfd5d116d34b,CPUUtilization,AWS/EC2,51.631630699872666,52.8333333336438,50.1639344256188,60,3097.89784199236,Percent,2023-12-06T12:35:00+05:30,aws,ap-south-1,895261382174,"{""connection_name"":""aws_demo""}"
i-0cf85c68cb9355c23,CPUUtilization,AWS/EC2,1.8813896083633626,2.3667455581852725,1.633387779592653,60,112.88337650180175,Percent,2024-01-08T22:35:00+05:30,aws,ap-south-1,895261382174,"{""connection_name"":""aws_demo""}"
i-0cf85c68cb9355c23,CPUUtilization,AWS/EC2,1.8395872183882271,1.9749670838819355,1.6083065282245297,60,110.37523310329362,Percent,2024-01-09T02:35:00+05:30,aws,ap-south-1,895261382174,"{""connection_name"":""aws_demo""}"
i-0cf85c68cb9355c23,CPUUtilization,AWS/EC2,1.8831997684054091,2.1250708356945234,1.633469455787982,60,112.99198610432455,Percent,2024-01-08T21:35:00+05:30,aws,ap-south-1,895261382174,"{""connection_name"":""aws_demo""}"
i-0cf85c68cb9355c23,CPUUtilization,AWS/EC2,1.906247225679337,3.9413382218148487,1.6414751612311897,60,114.37483354076022,Percent,2024-01-09T07:35:00+05:30,aws,ap-south-1,895261382174,"{""connection_name"":""aws_demo""}"
i-0cf85c68cb9355c23,CPUUtilization,AWS/EC2,1.8412485252679844,1.933204453036464,1.6336328326859926,60,110.47491151607906,Percent,2024-01-09T05:35:00+05:30,aws,ap-south-1,895261382174,"{""connection_name"":""aws_demo""}"
i-0cf85c68cb9355c23,CPUUtilization,AWS/EC2,1.837916260011474,2.075,1.5999999999999999,60,110.27497560068844,Percent,2024-01-09T04:35:00+05:30,aws,ap-south-1,895261382174,"{""connection_name"":""aws_demo""}"
i-0cf85c68cb9355c23,CPUUtilization,AWS/EC2,1.8729588803541644,2.2658736109028506,1.65,33,61.80764305168742,Percent,2024-01-09T08:35:00+05:30,aws,ap-south-1,895261382174,"{""connection_name"":""aws_demo""}"
i-0cf85c68cb9355c23,CPUUtilization,AWS/EC2,1.8494446061790533,2.0586421296527813,1.6087086986963626,60,110.9666763707432,Percent,2024-01-09T06:35:00+05:30,aws,ap-south-1,895261382174,"{""connection_name"":""aws_demo""}"
i-0cf85c68cb9355c23,CPUUtilization,AWS/EC2,2.8527013821848985,37.06604889918501,1.6082797240091997,60,171.16208293109392,Percent,2024-01-08T23:35:00+05:30,aws,ap-south-1,895261382174,"{""connection_name"":""aws_demo""}"
i-0cf85c68cb9355c23,CPUUtilization,AWS/EC2,1.83819051726076,1.933558915206774,1.6083065282245297,60,110.2914310356456,Percent,2024-01-09T01:35:00+05:30,aws,ap-south-1,895261382174,"{""connection_name"":""aws_demo""}"
i-0cf85c68cb9355c23,CPUUtilization,AWS/EC2,1.8723609975353275,2.1332977783703604,1.6333061115648073,60,112.34165985211965,Percent,2024-01-09T03:35:00+05:30,aws,ap-south-1,895261382174,"{""connection_name"":""aws_demo""}"
i-0cf85c68cb9355c23,CPUUtilization,AWS/EC2,6.3485759853261605,52.93333333333333,0.0004272066701892,39,247.59446342772026,Percent,2024-01-08T20:35:00+05:30,aws,ap-south-1,895261382174,"{""connection_name"":""aws_demo""}"
i-0cf85c68cb9355c23,CPUUtilization,AWS/EC2,1.881668693637494,3.3669472456038005,1.6000266671111185,60,112.90012161824964,Percent,2024-01-09T00:35:00+05:30,aws,ap-south-1,895261382174,"{""connection_name"":""aws_demo""}"
