db_instance_identifier,metric_name,namespace,average,maximum,minimum,sample_count,sum,unit,timestamp,partition,region,account_id,_ctx
test-1,CPUUtilization,AWS/RDS,2.9111112817271176,4.0248658378054065,2.5166666666666666,60,174.66667690362706,Percent,2024-01-24T14:25:00+05:30,aws,ap-south-1,895261382174,"{""connection_name"":""aws_demo""}"
test-1,CPUUtilization,AWS/RDS,3.3045845847701054,4.516666666666667,2.5998266782214516,60,198.27507508620633,Percent,2024-01-27T01:25:00+05:30,aws,ap-south-1,895261382174,"{""connection_name"":""aws_demo""}"
test-1,CPUUtilization,AWS/RDS,2.8861111828058075,3.8166666666666673,2.5167925062919814,60,173.16667096834846,Percent,2024-01-26T12:25:00+05:30,aws,ap-south-1,895261382174,"{""connection_name"":""aws_demo""}"
test-1,CPUUtilization,AWS/RDS,2.8863837769665817,3.908398473307889,2.5001666777785183,60,173.1830266179949,Percent,2024-01-25T23:25:00+05:30,aws,ap-south-1,895261382174,"{""connection_name"":""aws_demo""}"
test-1,CPUUtilization,AWS/RDS,2.8886127676733464,3.866731112185203,2.4001200060003,60,173.3167660604008,Percent,2024-01-26T02:25:00+05:30,aws,ap-south-1,895261382174,"{""connection_name"":""aws_demo""}"
test-1,CPUUtilization,AWS/RDS,2.804142639289345,2.88328527857869,2.725,2,5.60828527857869,Percent,2024-01-27T21:25:00+05:30,aws,ap-south-1,895261382174,"{""connection_name"":""aws_demo""}"
test-1,CPUUtilization,AWS/RDS,2.8950083168943457,4.041734028900482,2.5501700113340893,60,173.70049901366073,Percent,2024-01-27T18:25:00+05:30,aws,ap-south-1,895261382174,"{""connection_name"":""aws_demo""}"
test-1,CPUUtilization,AWS/RDS,2.9009739992400267,4.000533404453927,2.4832091728746897,60,174.0584399544016,Percent,2024-01-24T17:25:00+05:30,aws,ap-south-1,895261382174,"{""connection_name"":""aws_demo""}"
test-1,CPUUtilization,AWS/RDS,2.8808332798339795,4.024664611282393,2.433211672749696,60,172.84999679003877,Percent,2024-01-25T03:25:00+05:30,aws,ap-south-1,895261382174,"{""connection_name"":""aws_demo""}"
test-1,CPUUtilization,AWS/RDS,2.879724928204021,4.0502700180012,2.524957917368044,60,172.78349569224127,Percent,2024-01-27T11:25:00+05:30,aws,ap-south-1,895261382174,"{""connection_name"":""aws_demo""}"
test-1,CPUUtilization,AWS/RDS,2.8756982656496155,4.033535010083837,2.4165055662955806,60,172.54189593897692,Percent,2024-01-25T17:25:00+05:30,aws,ap-south-1,895261382174,"{""connection_name"":""aws_demo""}"
test-1,CPUUtilization,AWS/RDS,2.87834006630622,3.9415352821572616,2.366627222879618,60,172.7004039783732,Percent,2024-01-25T13:25:00+05:30,aws,ap-south-1,895261382174,"{""connection_name"":""aws_demo""}"
test-1,CPUUtilization,AWS/RDS,2.872082193339342,3.8914720930620135,2.3666666666666663,60,172.32493160036051,Percent,2024-01-26T22:25:00+05:30,aws,ap-south-1,895261382174,"{""connection_name"":""aws_demo""}"
test-1,CPUUtilization,AWS/RDS,2.869031243015066,3.891861259729653,2.4416259729004515,60,172.14187458090396,Percent,2024-01-25T06:25:00+05:30,aws,ap-south-1,895261382174,"{""connection_name"":""aws_demo""}"
test-1,CPUUtilization,AWS/RDS,2.8820817085961683,3.9415352821572616,2.483374722912049,60,172.9249025157701,Percent,2024-01-25T15:25:00+05:30,aws,ap-south-1,895261382174,"{""connection_name"":""aws_demo""}"
test-1,CPUUtilization,AWS/RDS,4.386986031168987,45.50605803043182,2.5582906951550806,52,228.1232736207873,Percent,2024-01-24T11:25:00+05:30,aws,ap-south-1,895261382174,"{""connection_name"":""aws_demo""}"
test-1,CPUUtilization,AWS/RDS,2.8851367217779393,4.07479626018699,2.541666666666667,60,173.10820330667636,Percent,2024-01-27T03:25:00+05:30,aws,ap-south-1,895261382174,"{""connection_name"":""aws_demo""}"
test-1,CPUUtilization,AWS/RDS,2.8830538133727885,3.9916001399976673,2.483291945134248,60,172.9832288023673,Percent,2024-01-26T13:25:00+05:30,aws,ap-south-1,895261382174,"{""connection_name"":""aws_demo""}"
test-1,CPUUtilization,AWS/RDS,2.8770798327040388,3.766666666666666,2.4750412506875117,60,172.62478996224232,Percent,2024-01-25T20:25:00+05:30,aws,ap-south-1,895261382174,"{""connection_name"":""aws_demo""}"
test-1,CPUUtilization,AWS/RDS,2.8822207277892256,3.9666666666666672,2.4334144471482384,60,172.93324366735354,Percent,2024-01-26T05:25:00+05:30,aws,ap-south-1,895261382174,"{""connection_name"":""aws_demo""}"
test-1,CPUUtilization,AWS/RDS,2.852359769250385,3.8331416762495207,2.416706945115752,60,171.1415861550231,Percent,2024-01-25T10:25:00+05:30,aws,ap-south-1,895261382174,"{""connection_name"":""aws_demo""}"
test-1,CPUUtilization,AWS/RDS,2.883475617957301,4.008466948898297,2.391706528442141,60,173.00853707743806,Percent,2024-01-26T09:25:00+05:30,aws,ap-south-1,895261382174,"{""connection_name"":""aws_demo""}"
test-1,CPUUtilization,AWS/RDS,2.861527611072043,3.8415386153794873,2.4667077784629745,60,171.69165666432258,Percent,2024-01-25T00:25:00+05:30,aws,ap-south-1,895261382174,"{""connection_name"":""aws_demo""}"
test-1,CPUUtilization,AWS/RDS,2.8945837030150514,4.008266528891185,2.4,60,173.67502218090308,Percent,2024-01-24T23:25:00+05:30,aws,ap-south-1,895261382174,"{""connection_name"":""aws_demo""}"
test-1,CPUUtilization,AWS/RDS,2.8756941329547954,3.9167319455324257,2.5082915284745257,60,172.5416479772877,Percent,2024-01-27T00:25:00+05:30,aws,ap-south-1,895261382174,"{""connection_name"":""aws_demo""}"
test-1,CPUUtilization,AWS/RDS,3.045137102456333,4.2829764186317805,2.3665088994067065,60,182.70822614738,Percent,2024-01-27T02:25:00+05:30,aws,ap-south-1,895261382174,"{""connection_name"":""aws_demo""}"
test-1,CPUUtilization,AWS/RDS,2.8695811087255847,3.7499375010416496,2.5499150028332394,60,172.1748665235351,Percent,2024-01-26T14:25:00+05:30,aws,ap-south-1,895261382174,"{""connection_name"":""aws_demo""}"
test-1,CPUUtilization,AWS/RDS,2.867226145393261,3.808269862168963,2.508249725009166,60,172.03356872359566,Percent,2024-01-25T02:25:00+05:30,aws,ap-south-1,895261382174,"{""connection_name"":""aws_demo""}"
test-1,CPUUtilization,AWS/RDS,2.8922311637122062,4.041666666666666,2.5167925062919814,60,173.53386982273238,Percent,2024-01-27T16:25:00+05:30,aws,ap-south-1,895261382174,"{""connection_name"":""aws_demo""}"
test-1,CPUUtilization,AWS/RDS,2.8641674194979134,3.949934167763871,2.391746391546385,60,171.85004516987482,Percent,2024-01-27T05:25:00+05:30,aws,ap-south-1,895261382174,"{""connection_name"":""aws_demo""}"
test-1,CPUUtilization,AWS/RDS,2.8891674336699578,3.9751325044168135,2.575128756437822,60,173.35004602019745,Percent,2024-01-27T14:25:00+05:30,aws,ap-south-1,895261382174,"{""connection_name"":""aws_demo""}"
test-1,CPUUtilization,AWS/RDS,2.8845812384171037,4.140700503215916,2.5,60,173.0748743050262,Percent,2024-01-26T19:25:00+05:30,aws,ap-south-1,895261382174,"{""connection_name"":""aws_demo""}"
test-1,CPUUtilization,AWS/RDS,2.8812526801046157,3.9668650099171625,2.458333333333333,60,172.87516080627694,Percent,2024-01-25T22:25:00+05:30,aws,ap-south-1,895261382174,"{""connection_name"":""aws_demo""}"
test-1,CPUUtilization,AWS/RDS,2.8968052149547843,3.891926128408561,2.5749141695276823,60,173.80831289728707,Percent,2024-01-24T18:25:00+05:30,aws,ap-south-1,895261382174,"{""connection_name"":""aws_demo""}"
test-1,CPUUtilization,AWS/RDS,2.905277581424303,4.0079993333888835,2.5916234729421177,60,174.31665488545818,Percent,2024-01-27T19:25:00+05:30,aws,ap-south-1,895261382174,"{""connection_name"":""aws_demo""}"
test-1,CPUUtilization,AWS/RDS,2.8609726571972356,3.849871670944302,2.4916251395810067,60,171.65835943183413,Percent,2024-01-25T04:25:00+05:30,aws,ap-south-1,895261382174,"{""connection_name"":""aws_demo""}"
test-1,CPUUtilization,AWS/RDS,2.8674986426412645,3.966203942873331,2.5167086118101967,60,172.04991855847587,Percent,2024-01-27T09:25:00+05:30,aws,ap-south-1,895261382174,"{""connection_name"":""aws_demo""}"
test-1,CPUUtilization,AWS/RDS,2.8819437492295434,4.008734206754009,2.416586113796207,60,172.9166249537726,Percent,2024-01-24T19:25:00+05:30,aws,ap-south-1,895261382174,"{""connection_name"":""aws_demo""}"
test-1,CPUUtilization,AWS/RDS,2.860415945313072,3.9499999999999997,2.3667061117685297,60,171.62495671878432,Percent,2024-01-25T18:25:00+05:30,aws,ap-south-1,895261382174,"{""connection_name"":""aws_demo""}"
test-1,CPUUtilization,AWS/RDS,2.8731966846743657,3.9915336155461487,2.4501225061253065,60,172.39180108046193,Percent,2024-01-26T15:25:00+05:30,aws,ap-south-1,895261382174,"{""connection_name"":""aws_demo""}"
test-1,CPUUtilization,AWS/RDS,2.893195642341621,4.0169344622974865,2.475,60,173.59173854049726,Percent,2024-01-24T21:25:00+05:30,aws,ap-south-1,895261382174,"{""connection_name"":""aws_demo""}"
test-1,CPUUtilization,AWS/RDS,2.87305372128521,3.9498025098745053,2.483374722912049,60,172.3832232771126,Percent,2024-01-26T23:25:00+05:30,aws,ap-south-1,895261382174,"{""connection_name"":""aws_demo""}"
test-1,CPUUtilization,AWS/RDS,2.870555488846047,3.7913507207732686,2.5500850028334274,60,172.23332933076284,Percent,2024-01-26T06:25:00+05:30,aws,ap-south-1,895261382174,"{""connection_name"":""aws_demo""}"
test-1,CPUUtilization,AWS/RDS,2.8711098198507887,3.9832669455509078,2.508249725009166,60,172.26658919104733,Percent,2024-01-27T08:25:00+05:30,aws,ap-south-1,895261382174,"{""connection_name"":""aws_demo""}"
test-1,CPUUtilization,AWS/RDS,2.88096886931553,3.9417980599353313,2.3998400106659554,60,172.8581321589318,Percent,2024-01-26T08:25:00+05:30,aws,ap-south-1,895261382174,"{""connection_name"":""aws_demo""}"
test-1,CPUUtilization,AWS/RDS,2.8601373180931584,3.8749354177430377,2.425,60,171.6082390855895,Percent,2024-01-26T03:25:00+05:30,aws,ap-south-1,895261382174,"{""connection_name"":""aws_demo""}"
test-1,CPUUtilization,AWS/RDS,2.871943892663096,3.9082681955300744,2.3832538915369486,60,172.31663355978574,Percent,2024-01-24T22:25:00+05:30,aws,ap-south-1,895261382174,"{""connection_name"":""aws_demo""}"
test-1,CPUUtilization,AWS/RDS,2.883472720400651,4.000066667777796,2.533333333333333,60,173.00836322403904,Percent,2024-01-27T20:25:00+05:30,aws,ap-south-1,895261382174,"{""connection_name"":""aws_demo""}"
test-1,CPUUtilization,AWS/RDS,2.864997351706113,4.016867510042169,2.4335361280106675,60,171.89984110236676,Percent,2024-01-26T17:25:00+05:30,aws,ap-south-1,895261382174,"{""connection_name"":""aws_demo""}"
test-1,CPUUtilization,AWS/RDS,2.872221815639909,3.891731528858814,2.466666666666667,60,172.33330893839454,Percent,2024-01-27T10:25:00+05:30,aws,ap-south-1,895261382174,"{""connection_name"":""aws_demo""}"
test-1,CPUUtilization,AWS/RDS,2.86208182979688,3.8500641677361287,2.4250808360278677,60,171.7249097878128,Percent,2024-01-26T16:25:00+05:30,aws,ap-south-1,895261382174,"{""connection_name"":""aws_demo""}"
test-1,CPUUtilization,AWS/RDS,2.8720771345134595,4.066463343499491,2.358569190252359,60,172.32462807080756,Percent,2024-01-25T05:25:00+05:30,aws,ap-south-1,895261382174,"{""connection_name"":""aws_demo""}"
test-1,CPUUtilization,AWS/RDS,2.8641660766020736,3.7830180818265142,2.6166230562823953,60,171.8499645961244,Percent,2024-01-25T07:25:00+05:30,aws,ap-south-1,895261382174,"{""connection_name"":""aws_demo""}"
test-1,CPUUtilization,AWS/RDS,2.9327793376411315,4.125,2.57508583619454,60,175.9667602584679,Percent,2024-01-24T13:25:00+05:30,aws,ap-south-1,895261382174,"{""connection_name"":""aws_demo""}"
test-1,CPUUtilization,AWS/RDS,2.8826374323888357,3.949539220424283,2.5415819472684245,60,172.95824594333016,Percent,2024-01-26T11:25:00+05:30,aws,ap-south-1,895261382174,"{""connection_name"":""aws_demo""}"
test-1,CPUUtilization,AWS/RDS,2.888890295105353,3.9751325044168135,2.474958750687488,60,173.33341770632117,Percent,2024-01-26T20:25:00+05:30,aws,ap-south-1,895261382174,"{""connection_name"":""aws_demo""}"
test-1,CPUUtilization,AWS/RDS,2.862355627652504,3.8748708376387455,2.5167086118101967,60,171.74133765915025,Percent,2024-01-25T01:25:00+05:30,aws,ap-south-1,895261382174,"{""connection_name"":""aws_demo""}"
test-1,CPUUtilization,AWS/RDS,2.8729162768557184,3.866666666666667,2.3334111137037903,60,172.3749766113431,Percent,2024-01-26T07:25:00+05:30,aws,ap-south-1,895261382174,"{""connection_name"":""aws_demo""}"
test-1,CPUUtilization,AWS/RDS,2.8770876200193176,4.049932501124981,2.533291111814803,60,172.62525720115906,Percent,2024-01-25T21:25:00+05:30,aws,ap-south-1,895261382174,"{""connection_name"":""aws_demo""}"
test-1,CPUUtilization,AWS/RDS,2.8816660219628916,4.100068334472241,2.4750412506875117,60,172.8999613177735,Percent,2024-01-26T01:25:00+05:30,aws,ap-south-1,895261382174,"{""connection_name"":""aws_demo""}"
test-1,CPUUtilization,AWS/RDS,2.8754205531285653,3.7583333333333333,2.366785005916962,60,172.52523318771392,Percent,2024-01-26T04:25:00+05:30,aws,ap-south-1,895261382174,"{""connection_name"":""aws_demo""}"
test-1,CPUUtilization,AWS/RDS,2.87111243812481,3.900195009750487,2.4918327888525904,60,172.2667462874886,Percent,2024-01-25T08:25:00+05:30,aws,ap-south-1,895261382174,"{""connection_name"":""aws_demo""}"
test-1,CPUUtilization,AWS/RDS,2.9024995135857767,3.9915336155461487,2.483333333333333,60,174.14997081514662,Percent,2024-01-24T15:25:00+05:30,aws,ap-south-1,895261382174,"{""connection_name"":""aws_demo""}"
test-1,CPUUtilization,AWS/RDS,2.861524838340404,3.9830677954803013,2.475,60,171.69149030042425,Percent,2024-01-25T09:25:00+05:30,aws,ap-south-1,895261382174,"{""connection_name"":""aws_demo""}"
test-1,CPUUtilization,AWS/RDS,2.878319516515314,4.075,2.4916251395810067,60,172.69917099091884,Percent,2024-01-27T15:25:00+05:30,aws,ap-south-1,895261382174,"{""connection_name"":""aws_demo""}"
test-1,CPUUtilization,AWS/RDS,2.8697253976405697,3.9253925392539255,2.4165055662955806,60,172.18352385843417,Percent,2024-01-27T04:25:00+05:30,aws,ap-south-1,895261382174,"{""connection_name"":""aws_demo""}"
test-1,CPUUtilization,AWS/RDS,2.942777566499262,4.008199726675778,2.516498900073328,60,176.56665398995574,Percent,2024-01-24T12:25:00+05:30,aws,ap-south-1,895261382174,"{""connection_name"":""aws_demo""}"
test-1,CPUUtilization,AWS/RDS,2.8691707283164636,3.833461115370512,2.483374722912049,60,172.15024369898782,Percent,2024-01-26T00:25:00+05:30,aws,ap-south-1,895261382174,"{""connection_name"":""aws_demo""}"
test-1,CPUUtilization,AWS/RDS,2.879861093734472,3.966732778879648,2.3749208359721345,60,172.79166562406834,Percent,2024-01-26T21:25:00+05:30,aws,ap-south-1,895261382174,"{""connection_name"":""aws_demo""}"
test-1,CPUUtilization,AWS/RDS,2.8897274277282774,3.9085287597713214,2.508249725009166,60,173.38364566369665,Percent,2024-01-24T16:25:00+05:30,aws,ap-south-1,895261382174,"{""connection_name"":""aws_demo""}"
test-1,CPUUtilization,AWS/RDS,2.878891976586741,3.975,2.3666666666666663,60,172.73351859520446,Percent,2024-01-25T11:25:00+05:30,aws,ap-south-1,895261382174,"{""connection_name"":""aws_demo""}"
test-1,CPUUtilization,AWS/RDS,2.8565189208458737,3.9996666944421295,2.441666666666667,60,171.39113525075243,Percent,2024-01-25T12:25:00+05:30,aws,ap-south-1,895261382174,"{""connection_name"":""aws_demo""}"
test-1,CPUUtilization,AWS/RDS,2.88888748988675,3.966534448851705,2.525042084034734,60,173.333249393205,Percent,2024-01-25T16:25:00+05:30,aws,ap-south-1,895261382174,"{""connection_name"":""aws_demo""}"
test-1,CPUUtilization,AWS/RDS,2.867632945816088,3.7837747737236014,2.4501225061253065,60,172.05797674896527,Percent,2024-01-27T06:25:00+05:30,aws,ap-south-1,895261382174,"{""connection_name"":""aws_demo""}"
test-1,CPUUtilization,AWS/RDS,2.8761090708747923,3.991467093312001,2.3666666666666663,60,172.56654425248755,Percent,2024-01-27T13:25:00+05:30,aws,ap-south-1,895261382174,"{""connection_name"":""aws_demo""}"
test-1,CPUUtilization,AWS/RDS,2.8893067955533356,3.833461115370512,2.4084136137871264,60,173.35840773320012,Percent,2024-01-24T20:25:00+05:30,aws,ap-south-1,895261382174,"{""connection_name"":""aws_demo""}"
test-1,CPUUtilization,AWS/RDS,2.8651345463489752,3.875,2.3831744550363307,60,171.9080727809385,Percent,2024-01-25T19:25:00+05:30,aws,ap-south-1,895261382174,"{""connection_name"":""aws_demo""}"
test-1,CPUUtilization,AWS/RDS,2.8693051411160444,3.899805009749512,2.391706528442141,60,172.15830846696267,Percent,2024-01-26T10:25:00+05:30,aws,ap-south-1,895261382174,"{""connection_name"":""aws_demo""}"
test-1,CPUUtilization,AWS/RDS,2.87013866666017,3.9834661155371847,2.483333333333333,60,172.2083199996102,Percent,2024-01-26T18:25:00+05:30,aws,ap-south-1,895261382174,"{""connection_name"":""aws_demo""}"
test-1,CPUUtilization,AWS/RDS,2.865284190249736,3.974933751104148,2.416545839374698,60,171.91705141498414,Percent,2024-01-27T07:25:00+05:30,aws,ap-south-1,895261382174,"{""connection_name"":""aws_demo""}"
test-1,CPUUtilization,AWS/RDS,2.8918051265320033,3.9330711285914273,2.5083333333333333,60,173.5083075919202,Percent,2024-01-27T12:25:00+05:30,aws,ap-south-1,895261382174,"{""connection_name"":""aws_demo""}"
test-1,CPUUtilization,AWS/RDS,2.8858344035247923,3.875193759687985,2.4500408340139,60,173.15006421148755,Percent,2024-01-25T14:25:00+05:30,aws,ap-south-1,895261382174,"{""connection_name"":""aws_demo""}"
test-1,CPUUtilization,AWS/RDS,2.896239749696153,4.074456739101453,2.4000400006666776,60,173.7743849817692,Percent,2024-01-27T17:25:00+05:30,aws,ap-south-1,895261382174,"{""connection_name"":""aws_demo""}"
